source,seed,attack,expected,ber,ecc_pressure,rms,peak,zcr,centroid,hf_ratio,lf_ratio,flatness,edge_ratio,column_shift_pressure
data\eval_audio\speech1.wav,42,clean,PROTECTED DERIVATIVE,0.035,0.035,0.052032727748155594,0.263885498046875,0.0142897177699116,237.0983782229855,8.847214520539289e-06,0.9996446727110221,0.05403075679465797,0.00423802656486315,0.3097297924555222
data\eval_audio\speech1.wav,42,noise,GAUSSIAN NOISE,0.08,0.08,0.05203604698181152,0.26498088240623474,0.038978388570402436,238.0861241677218,6.836635647686756e-05,0.9995671047918038,0.1525386764450286,0.004387741035129219,0.3161996432683649
data\eval_audio\speech1.wav,42,crop,CROPPING,0.14,0.14,0.05203251168131828,0.263885498046875,0.01407477342417226,237.09572437220794,8.838727883378416e-06,0.9996447451777617,0.053924846178413095,0.006151681402039787,0.30986548324243207
data\eval_audio\speech1.wav,42,lowpass,LOWPASS FILTER,0.16,0.16,0.05203268304467201,0.2638269066810608,0.016153475704486896,237.07067579414937,7.132105372401738e-06,0.9996463937248554,0.007521540567125014,0.0042379042227407345,0.30895825469458116
data\eval_audio\speech1.wav,42,resample,RESAMPLING,0.12,0.12,0.052032701671123505,0.2637990415096283,0.016362978421220177,237.08073319647727,7.899832644223377e-06,0.999645619766959,0.004148466010041967,0.0042379318801428695,0.309115092387699
data\eval_audio\speech1.wav,42,gain,AMPLITUDE SCALING,0.04,0.04,0.05191140994429588,0.26327022910118103,0.0142897177699116,237.09837822298556,8.847214520539287e-06,0.9996446727110222,0.05403075679469313,0.004238026822701595,0.30972979245551735
data\eval_audio\speech1.wav,42,compression,COMPRESSION,0.11,0.11,0.052605561912059784,0.25,0.0142897177699116,331.1669494025695,0.004095076890336169,0.990140223408402,0.505203902044205,0.0,0.3724009669539272
data\eval_audio\speech1.wav,42,unknown,UNKNOWN MODIFICATION,0.09,0.09,0.04241819307208061,0.2462334930896759,0.0142897177699116,227.16048568786567,8.243372242294405e-06,0.9996107001962533,0.05532206476020957,0.0005671337325305384,0.31635037294201795
data\eval_audio\speech2.wav,42,clean,PROTECTED DERIVATIVE,0.035,0.035,0.015905234962701797,0.1942291259765625,0.016113305684239257,501.0047292139759,1.6439759177246356e-05,0.997302542400146,0.02028240694463858,10.281626572088364,0.25156413538177275
data\eval_audio\speech2.wav,42,noise,GAUSSIAN NOISE,0.08,0.08,0.01591348461806774,0.1937352865934372,0.3261784352230251,511.3051205190082,0.0006535746986374244,0.9964674051675257,0.37198255622353166,10.271828494439754,0.2983571273545203
data\eval_audio\speech2.wav,42,crop,CROPPING,0.14,0.14,0.015674874186515808,0.1942291259765625,0.016014739443934764,498.02994630163766,1.678907351773e-05,0.9973559529074044,0.02071653302994509,9.559879598088349,0.24888208419853547
data\eval_audio\speech2.wav,42,lowpass,LOWPASS FILTER,0.16,0.16,0.015904642641544342,0.19374972581863403,0.10219347794769924,500.57660386952745,1.6184722953195271e-06,0.9973723491711338,0.00038740972414164543,10.28209958094793,0.2507392140857462
data\eval_audio\speech2.wav,42,resample,RESAMPLING,0.12,0.12,0.015905234962701797,0.19420744478702545,0.1969004708433479,501.0039402229079,1.6394463956618488e-05,0.9973025875823956,0.0014279497825355615,10.281627620022185,0.2513897967816064
data\eval_audio\speech2.wav,42,gain,AMPLITUDE SCALING,0.04,0.04,0.015317055396735668,0.18704646825790405,0.016113305684239257,501.00472921397596,1.6439759177246366e-05,0.997302542400146,0.020282406948386317,10.281627390480246,0.25156413538152167
data\eval_audio\speech2.wav,42,compression,COMPRESSION,0.11,0.11,0.016581788659095764,0.2083333283662796,0.016113305684239257,888.8521353194006,0.018800615236169407,0.9573966322407584,0.5965483828060274,10.008409950979656,0.3868882990916367
data\eval_audio\speech2.wav,42,unknown,UNKNOWN MODIFICATION,0.09,0.09,0.008798510767519474,0.10912611335515976,0.016113305684239257,508.5602845340747,1.5707972786236174e-05,0.997821088553305,0.02196586097445787,2.4862283960518567,0.252803257987409
data\eval_audio\speech3.wav,42,clean,PROTECTED DERIVATIVE,0.035,0.035,0.019235923886299133,0.125091552734375,0.014950741607937147,405.56199707093697,1.248968151896711e-07,0.9998256378323473,0.009849967627229526,3.107878011340563,0.17868522837884634
data\eval_audio\speech3.wav,42,noise,GAUSSIAN NOISE,0.08,0.08,0.019243089482188225,0.12502312660217285,0.23702157045566047,412.6973114598423,0.00043538205718452735,0.9992554365987398,0.2532467683546503,3.1072246686951317,0.2228072499023355
data\eval_audio\speech3.wav,42,crop,CROPPING,0.14,0.14,0.019070986658334732,0.125091552734375,0.014769379579100584,403.23788691810813,2.3109497849882163e-06,0.9998276476575807,0.011905440545878436,3.0732834401941758,0.17817776558723206
data\eval_audio\speech3.wav,42,lowpass,LOWPASS FILTER,0.16,0.16,0.019235920161008835,0.12508265674114227,0.045333531746493086,405.56035048897724,3.6814591971631316e-08,0.9998257965448519,0.00042713701037625364,3.1078772199086555,0.17834136587961952
data\eval_audio\speech3.wav,42,resample,RESAMPLING,0.12,0.12,0.019235923886299133,0.1250859797000885,0.12972732916510687,405.5614218807776,9.25956090818315e-08,0.9998256701284611,0.0008268259844524577,3.1078783349333503,0.17850780565064003
data\eval_audio\speech3.wav,42,gain,AMPLITUDE SCALING,0.04,0.04,0.019175950437784195,0.12470154464244843,0.014950741607937147,405.5619970709369,1.248968151896711e-07,0.9998256378323472,0.009849967627379963,3.107878015157901,0.1786852283788371
data\eval_audio\speech3.wav,42,compression,COMPRESSION,0.11,0.11,0.021241825073957443,0.125,0.014950741607937147,1046.5763779684207,0.02355172099341745,0.939092801801096,0.6149446541660986,3.314104056671715,0.39623985777997334
data\eval_audio\speech3.wav,42,unknown,UNKNOWN MODIFICATION,0.09,0.09,0.01457559410482645,0.10708781331777573,0.014950741607937147,390.76258863969093,1.3832759604138747e-07,0.9998437948854146,0.010755542697331113,0.8094972497537515,0.18219450901349754
data\eval_audio\speech4.wav,42,clean,PROTECTED DERIVATIVE,0.035,0.035,0.006305443588644266,0.115386962890625,0.08045050038922497,2317.343666687517,0.14284224670572612,0.8435221713936429,0.1660188806765485,4.905118127791452,0.5567081067149807
data\eval_audio\speech4.wav,42,noise,GAUSSIAN NOISE,0.08,0.08,0.00632472662255168,0.11520358175039291,0.30255087440540634,2372.346308633938,0.14608378576995495,0.8391347922889132,0.5887772526986376,4.8855667823705495,0.5111558770174204
data\eval_audio\speech4.wav,42,crop,CROPPING,0.14,0.14,0.0061183893121778965,0.115386962890625,0.07966604697515164,2208.6496513003185,0.1331998109942703,0.8529688692418567,0.16477245872128976,2.1261675508475424,0.5608961473342569
data\eval_audio\speech4.wav,42,lowpass,LOWPASS FILTER,0.16,0.16,0.006221290677785873,0.10828913748264313,0.13894230865440224,2015.7252748916267,0.11956297415846205,0.8664424689160531,0.026737683887226586,4.652572123377727,0.5575692797449847
data\eval_audio\speech4.wav,42,resample,RESAMPLING,0.12,0.12,0.006302594672888517,0.11591082066297531,0.17309805067328915,2302.0304968620026,0.142067377167385,0.844284741050107,0.07788412447600092,4.89655794763315,0.5576872276567459
data\eval_audio\speech4.wav,42,gain,AMPLITUDE SCALING,0.04,0.04,0.005850992631167173,0.10707069933414459,0.08045050038922497,2317.3436666875164,0.14284224670572612,0.8435221713936427,0.16601888068489706,4.9051179769565945,0.5567081067127951
data\eval_audio\speech4.wav,42,compression,COMPRESSION,0.11,0.11,0.006307403091341257,0.125,0.08045050038922497,2832.377132483423,0.14061624605313283,0.8049564370659823,0.7615261284406604,4.813460531761389,0.7617101913017548
data\eval_audio\speech4.wav,42,unknown,UNKNOWN MODIFICATION,0.09,0.09,0.00443638488650322,0.09651069343090057,0.08045050038922497,2084.8753245582566,0.12104617284683816,0.8667893386487469,0.166773030172111,1.2169784432160233,0.5685284979867681
data\eval_audio\speech5.wav,42,clean,PROTECTED DERIVATIVE,0.035,0.035,0.02923247590661049,0.1705474853515625,0.021675861475419913,460.3467702240773,1.4068187386522682e-07,0.9998686376004093,0.008061114363843812,0.554890894413362,0.2636850735352622
data\eval_audio\speech5.wav,42,noise,GAUSSIAN NOISE,0.08,0.08,0.02923685871064663,0.17150934040546417,0.12776480961388828,463.4111685378275,0.00018879470867507733,0.9996212257750586,0.16099342593577315,0.5553699952463499,0.2807924673798212
data\eval_audio\speech5.wav,42,crop,CROPPING,0.14,0.14,0.02917422726750374,0.1705474853515625,0.021500220429512613,459.74720733888677,1.9028341355656018e-07,0.9998727485391941,0.00827357156002908,0.5996058567118692,0.26484898082558633
data\eval_audio\speech5.wav,42,lowpass,LOWPASS FILTER,0.16,0.16,0.02923237346112728,0.17056258022785187,0.03345259360350439,460.32335529250895,1.4421621073527538e-09,0.9998719717294161,8.771059057813716e-05,0.5548760356488419,0.2634162766479098
data\eval_audio\speech5.wav,42,resample,RESAMPLING,0.12,0.12,0.029232477769255638,0.17054814100265503,0.049246236451488824,460.3463570585182,1.1673745924962594e-07,0.9998686615441434,0.00022881520818377038,0.5548909271903174,0.2635812605233643
data\eval_audio\speech5.wav,42,gain,AMPLITUDE SCALING,0.04,0.04,0.027031879872083664,0.1577088087797165,0.021675861475419913,460.3467702240771,1.406818738652272e-07,0.9998686376004089,0.008061114366116054,0.5548909699127061,0.26368507353506737
data\eval_audio\speech5.wav,42,compression,COMPRESSION,0.11,0.11,0.03259953111410141,0.1875,0.021675861475419913,1051.516482262678,0.023368865178954062,0.9391893725241524,0.6277127738591883,0.5649588698542478,0.4102841499674806
data\eval_audio\speech5.wav,42,unknown,UNKNOWN MODIFICATION,0.09,0.09,0.028726782649755478,0.1916225254535675,0.021677617885878988,432.6720533943302,1.2274556743140788e-07,0.9999222283992726,0.008057333464085464,0.06246731632920569,0.2542334101350694
data\sample_audio\channel_test.wav,42,clean,PROTECTED DERIVATIVE,0.035,0.035,0.05608765035867691,1.0002334117889404,0.0794382998279123,324.30295579583145,0.0019757700252394537,0.976556055328223,0.21876040786732623,0.000494376062312631,0.5010948794493644
data\sample_audio\channel_test.wav,42,noise,GAUSSIAN NOISE,0.08,0.08,0.05608952417969704,1.0008527040481567,0.108055754931307,325.01477457860176,0.002018093033480635,0.9765028493436994,0.3298845911387571,0.0006445458616419862,0.49742421882596966
data\sample_audio\channel_test.wav,42,crop,CROPPING,0.14,0.14,0.05608765035867691,1.0002334117889404,0.07845741231001481,324.3057700212766,0.001975786818064087,0.976555848300763,0.21875968031243465,0.00040445903406931066,0.5011157190332115
data\sample_audio\channel_test.wav,42,lowpass,LOWPASS FILTER,0.16,0.16,0.05608115717768669,1.000744104385376,0.06775041971855693,321.88232616013397,0.0017894530563029281,0.976744742127512,0.022134203999971677,0.0004937604425813656,0.5002090459902162
data\sample_audio\channel_test.wav,42,resample,RESAMPLING,0.12,0.12,0.0560871921479702,1.0007108449935913,0.07648946040068143,324.0677996250222,0.001962095377496998,0.9765694358227953,0.021680735126944958,0.0004940106884172377,0.5008979464607345
data\sample_audio\channel_test.wav,42,gain,AMPLITUDE SCALING,0.04,0.04,0.05348225310444832,0.9537702798843384,0.0794382998279123,324.30295579583145,0.0019757700252394537,0.9765560553282231,0.21876040786843057,0.0004943760840953413,0.5010948794492259
data\sample_audio\channel_test.wav,42,compression,COMPRESSION,0.11,0.11,0.0567658357322216,0.8125,0.0794382998279123,509.53043182173917,0.011545383547946816,0.9604691218158653,0.6743996957434031,0.0,0.5063361371049612
data\sample_audio\channel_test.wav,42,unknown,UNKNOWN MODIFICATION,0.09,0.09,0.047108594328165054,0.700454592704773,0.07943953520261998,293.2995047941382,0.0017328302692137124,0.9837572072676404,0.21200678698114994,0.0016505770833372048,0.5004545742376152
data\sample_audio\e2e_watermarked.wav,42,clean,PROTECTED DERIVATIVE,0.035,0.035,0.056086670607328415,1.0,0.06886843382900684,324.2816313652971,0.001975642977955619,0.9765594051042056,0.21929212204019075,0.0004943441605590255,0.5010862283226152
data\sample_audio\e2e_watermarked.wav,42,noise,GAUSSIAN NOISE,0.08,0.08,0.05608854815363884,1.0008268356323242,0.10812493591493703,324.9934350401238,0.002017965661452005,0.9765061921684939,0.3299050403419034,0.0006445887504115819,0.4974228635562105
data\sample_audio\e2e_watermarked.wav,42,crop,CROPPING,0.14,0.14,0.056086670607328415,1.0,0.06823098047984424,324.2844451210454,0.001975659762069035,0.9765591980991979,0.21928932689991382,0.0004044814761371304,0.5011062999608221
data\sample_audio\e2e_watermarked.wav,42,lowpass,LOWPASS FILTER,0.16,0.16,0.0560801737010479,1.000586748123169,0.07168261741310065,321.86103491820023,0.0017893314278841607,0.976748086332474,0.022224228683544234,0.0004937122909780942,0.5002041235364102
data\sample_audio\e2e_watermarked.wav,42,resample,RESAMPLING,0.12,0.12,0.056086212396621704,1.000551700592041,0.0815915579433976,324.0463680361265,0.001961962865846475,0.9765727909896188,0.021619153115496247,0.000493969187925938,0.500891980216873
data\sample_audio\e2e_watermarked.wav,42,gain,AMPLITUDE SCALING,0.04,0.04,0.053481318056583405,0.9535477161407471,0.06886843382900684,324.28163136529713,0.00197564297795562,0.9765594051042057,0.21929212204128223,0.0004943442530460893,0.5010862283224766
data\sample_audio\e2e_watermarked.wav,42,compression,COMPRESSION,0.11,0.11,0.05676141381263733,0.8125,0.06886843382900684,509.46567013458025,0.011534667480080321,0.9604723944213303,0.674322845333754,0.0,0.5063301526246272
data\sample_audio\e2e_watermarked.wav,42,unknown,UNKNOWN MODIFICATION,0.09,0.09,0.04710774123668671,0.700454592704773,0.06886966920371453,293.28137189494066,0.0017326632458585208,0.9837598644782937,0.2125001416507658,0.0016499611675153934,0.5004461743691146
data\sample_audio\ecc_recovery.wav,42,clean,PROTECTED DERIVATIVE,0.035,0.035,0.056087788194417953,1.0,0.06935764221324792,324.3563521213205,0.001975649000690756,0.9765485621481822,0.2192133038936693,0.0004943245498511959,0.501157876266767
data\sample_audio\ecc_recovery.wav,42,noise,GAUSSIAN NOISE,0.08,0.08,0.05608966201543808,1.0008268356323242,0.10723546612540782,325.06804774269784,0.002017970847560717,0.9764953954504411,0.3298745907706278,0.0006445631811312149,0.4974826955930266
data\sample_audio\ecc_recovery.wav,42,crop,CROPPING,0.14,0.14,0.056087788194417953,1.0,0.0687201888640853,324.3591666816386,0.0019756657854135833,0.9765483552331885,0.21921051195264774,0.0004044653720738729,0.5011743905065247
data\sample_audio\ecc_recovery.wav,42,lowpass,LOWPASS FILTER,0.16,0.16,0.05608128756284714,1.0004315376281738,0.07158131668707093,321.9357198057085,0.001789334332495276,0.9767372466966235,0.02222058366048568,0.0004936926652425924,0.50027841918665
data\sample_audio\ecc_recovery.wav,42,resample,RESAMPLING,0.12,0.12,0.056087322533130646,1.0002555847167969,0.07975332037837056,324.12111232700056,0.0019619701315838106,0.9765619466687951,0.021616080098638767,0.0004939496340749161,0.5009640505442633
data\sample_audio\ecc_recovery.wav,42,gain,AMPLITUDE SCALING,0.04,0.04,0.053482383489608765,0.9535477161407471,0.06935764221324792,324.3563521213205,0.0019756490006907555,0.9765485621481822,0.21921330389476232,0.0004943246031346114,0.5011578762666287
data\sample_audio\ecc_recovery.wav,42,compression,COMPRESSION,0.11,0.11,0.056761838495731354,0.8125,0.06935764221324792,509.8969708437637,0.011555237356690406,0.9604342005256764,0.6746842444837371,0.0,0.5062798718011934
data\sample_audio\ecc_recovery.wav,42,unknown,UNKNOWN MODIFICATION,0.09,0.09,0.04710843414068222,0.700454592704773,0.06935887758795559,293.3347437241447,0.0017326782369174309,0.9837527175285559,0.21245213674651012,0.0016499125010172764,0.5004645438665757
data\sample_audio\output.wav,42,clean,PROTECTED DERIVATIVE,0.035,0.035,0.05608629807829857,1.0,0.06884313538981134,324.29078163690576,0.0019757703808230102,0.9765583100320077,0.21909269323879868,0.0004897305885655504,0.5010866165664839
data\sample_audio\output.wav,42,noise,GAUSSIAN NOISE,0.08,0.08,0.056088175624608994,1.0008268356323242,0.10811765679604994,325.0026287635209,0.002018095712735632,0.9765050942645507,0.3299041326289991,0.0006400620912979698,0.4974201085862838
data\sample_audio\output.wav,42,crop,CROPPING,0.14,0.14,0.05608629807829857,1.0,0.06843424454637205,324.2910210682936,0.0019757664576674386,0.9765583447415129,0.21908903153416,0.0004202388751955332,0.5011205798251667
data\sample_audio\output.wav,42,lowpass,LOWPASS FILTER,0.16,0.16,0.05601769685745239,1.0012518167495728,0.05628240398168268,306.8378836344757,0.0006812344064076184,0.9785525815189438,0.007015693245470871,0.0004896149086073872,0.497979909275739
data\sample_audio\output.wav,42,resample,RESAMPLING,0.12,0.12,0.056082021445035934,1.0005991458892822,0.07105312245601335,322.51117496263424,0.0018488304546655106,0.9766825196685451,0.005644850170424784,0.0004890814490028642,0.5000116266780291
data\sample_audio\output.wav,42,gain,AMPLITUDE SCALING,0.04,0.04,0.05747760087251663,1.0248063802719116,0.06884313538981134,324.2907816369057,0.0019757703808230102,0.9765583100320077,0.2190926932382535,0.0004897305466395787,0.5010866165665526
data\sample_audio\output.wav,42,compression,COMPRESSION,0.11,0.11,0.055967092514038086,0.8125,0.06884313538981134,369.7243690529334,0.00438039606262198,0.9727090325523983,0.5692162118796739,0.0,0.49250503722774375
data\sample_audio\output.wav,42,unknown,UNKNOWN MODIFICATION,0.09,0.09,0.04574648290872574,0.674675464630127,0.06884437070958002,294.31965655401325,0.001740599830656366,0.9831488199692036,0.21330872963524483,0.0014296899823188951,0.5003316743480878
data\sample_audio\real_pipeline.wav,42,clean,PROTECTED DERIVATIVE,0.035,0.035,0.05608665570616722,1.0,0.06925139998838747,324.27569741738796,0.001975653506930801,0.9765600391751892,0.21927893204296417,0.0004943444452994555,0.5010866275644089
data\sample_audio\real_pipeline.wav,42,noise,GAUSSIAN NOISE,0.08,0.08,0.056088533252477646,1.0008268356323242,0.10813234816318311,324.98750762383077,0.0020179771218000247,0.9765068242585437,0.329905077273672,0.0006445890752612243,0.4974233415019437
data\sample_audio\real_pipeline.wav,42,crop,CROPPING,0.14,0.14,0.05608665570616722,1.0,0.06861394663922488,324.2785112074085,0.001975670291497301,0.9765598322298339,0.2192760518823919,0.00040448162174933885,0.5011067979182107
data\sample_audio\real_pipeline.wav,42,lowpass,LOWPASS FILTER,0.16,0.16,0.056080158799886703,1.0006052255630493,0.07067702240104957,321.85508096726903,0.00178934022278658,0.9767487219171164,0.022224287683238156,0.0004937124687545684,0.5002046019869006
data\sample_audio\real_pipeline.wav,42,resample,RESAMPLING,0.12,0.12,0.05608619749546051,1.000566840171814,0.08047477920765538,324.0404414861236,0.001961973793313331,0.9765734246795141,0.02161905047164807,0.0004939694744034527,0.5008925192557818
data\sample_audio\real_pipeline.wav,42,gain,AMPLITUDE SCALING,0.04,0.04,0.05348130688071251,0.9535477161407471,0.06925139998838747,324.27569741738796,0.001975653506930801,0.9765600391751893,0.21927893204405594,0.0004943444879150365,0.5010866275642705
data\sample_audio\real_pipeline.wav,42,compression,COMPRESSION,0.11,0.11,0.056761499494314194,0.8125,0.06925139998838747,509.513915038137,0.011537811212068481,0.9604676678465566,0.6744271682382219,0.0,0.5063512297289579
data\sample_audio\real_pipeline.wav,42,unknown,UNKNOWN MODIFICATION,0.09,0.09,0.04710772633552551,0.700454592704773,0.06925263536309516,293.27856705386574,0.0017326686457129902,0.983760174042063,0.2124922567747731,0.0016499621779229384,0.5004463234607857
data\sample_audio\reconstructed.wav,42,clean,PROTECTED DERIVATIVE,0.035,0.035,0.05608667433261871,1.0,0.06886843382900684,324.2815458356652,0.0019756424274818612,0.9765594113757559,0.21929293483322612,0.0004943440537814488,0.5010860211151504
data\sample_audio\reconstructed.wav,42,noise,GAUSSIAN NOISE,0.08,0.08,0.05608855187892914,1.0008268356323242,0.1081274066643524,324.99334854197065,0.002017965167891416,0.9765061984164147,0.32990468856068694,0.0006445886575974586,0.4974226905986476
data\sample_audio\reconstructed.wav,42,crop,CROPPING,0.14,0.14,0.05608667433261871,1.0,0.06823098047984424,324.28435958449535,0.0019756592115339495,0.9765592043712308,0.2192901355466668,0.0004044813887698557,0.5011060640844709
data\sample_audio\reconstructed.wav,42,lowpass,LOWPASS FILTER,0.16,0.16,0.056080177426338196,1.000586748123169,0.07168261741310065,321.86094991574674,0.0017893309244473097,0.9767480925573451,0.022224211388364726,0.000493712148757007,0.5002039419769865
data\sample_audio\reconstructed.wav,42,resample,RESAMPLING,0.12,0.12,0.056086216121912,1.000551700592041,0.08159402869281296,324.04628239777867,0.0019619623105904802,0.9765727972659272,0.021619219647899354,0.0004939690803435312,0.5008917916303283
data\sample_audio\reconstructed.wav,42,gain,AMPLITUDE SCALING,0.04,0.04,0.053481325507164,0.9535477161407471,0.06886843382900684,324.28154583566516,0.0019756424274818612,0.9765594113757559,0.2192929348343174,0.0004943441747564897,0.5010860211150122
data\sample_audio\reconstructed.wav,42,compression,COMPRESSION,0.11,0.11,0.05676141381263733,0.8125,0.06886843382900684,509.46567013458025,0.011534667480080321,0.9604723944213303,0.674322845333754,0.0,0.5063301526246272
data\sample_audio\reconstructed.wav,42,unknown,UNKNOWN MODIFICATION,0.09,0.09,0.04710774123668671,0.700454592704773,0.06886966920371453,293.28135803264786,0.001732663158710522,0.9837598652550902,0.21250043979672772,0.0016499611675153934,0.5004461911723582
data\sample_audio\speech.wav,42,clean,PROTECTED DERIVATIVE,0.035,0.035,0.05608630180358887,1.0,0.06884313538981134,324.2905246929313,0.001975776284987344,0.9765583435255921,0.21877010376567302,0.0004895396703934521,0.501093006407424
data\sample_audio\speech.wav,42,noise,GAUSSIAN NOISE,0.08,0.08,0.056088175624608994,1.0008268356323242,0.10807565592391419,325.0023620897671,0.0020181009681231915,0.9765051296358137,0.3298930596457459,0.0006398068078565392,0.49742061840332985
data\sample_audio\speech.wav,42,crop,CROPPING,0.14,0.14,0.05608630180358887,1.0,0.06843424454637205,324.29076437731993,0.0019757723760927483,0.9765583782221775,0.21876768639374206,0.00042013377165034496,0.5011261910409337
data\sample_audio\speech.wav,42,lowpass,LOWPASS FILTER,0.16,0.16,0.05601769685745239,1.0012532472610474,0.05590069017315477,306.8376720044868,0.0006812381895988813,0.9785526157832699,0.006995376795942637,0.0004894460946926319,0.4979824073864303
data\sample_audio\speech.wav,42,resample,RESAMPLING,0.12,0.12,0.05608202889561653,1.0006012916564941,0.07156207420071722,322.51105304053783,0.0018488446072344744,0.9766825450958114,0.005614116821578521,0.0004889059028104297,0.5000151822689064
data\sample_audio\speech.wav,42,gain,AMPLITUDE SCALING,0.04,0.04,0.05747760459780693,1.0248063802719116,0.06884313538981134,324.2905246929313,0.0019757762849873443,0.976558343525592,0.21877010376512443,0.0004895396609592212,0.501093006407493
data\sample_audio\speech.wav,42,compression,COMPRESSION,0.11,0.11,0.05596661567687988,0.8125,0.06884313538981134,369.70109501593186,0.0043796010248535674,0.9727113965458697,0.5692329301448343,0.0,0.4924729058812563
data\sample_audio\speech.wav,42,unknown,UNKNOWN MODIFICATION,0.09,0.09,0.04574648290872574,0.674675464630127,0.06884437070958002,294.3195787120731,0.0017406207778857426,0.9831488334935612,0.21301324180817016,0.0014305846258162683,0.5003366532117418
data\sample_audio\temp.wav,42,clean,PROTECTED DERIVATIVE,0.035,0.035,0.056087739765644073,1.0,0.06868312762285493,324.36594745541476,0.0019756421966795577,0.9765469375787487,0.2192223162249179,0.0004943253328260425,0.5011412751210738
data\sample_audio\temp.wav,42,noise,GAUSSIAN NOISE,0.08,0.08,0.0560896135866642,1.0008268356323242,0.10741336008331367,325.0774466347634,0.0020179614056928057,0.9764937783908529,0.32986520458419516,0.0006445642948144208,0.4974628613111894
data\sample_audio\temp.wav,42,crop,CROPPING,0.14,0.14,0.056087739765644073,1.0,0.06804567427369232,324.3687621833974,0.001975658978608793,0.9765467305320799,0.2192192293047018,0.00040446604183756436,0.5011573867832666
data\sample_audio\temp.wav,42,lowpass,LOWPASS FILTER,0.16,0.16,0.056081242859363556,1.0004240274429321,0.07086479935661685,321.94530594786977,0.0017893272582820002,0.9767356224566189,0.022220466937806882,0.0004936934473978493,0.5002616563007937
data\sample_audio\temp.wav,42,resample,RESAMPLING,0.12,0.12,0.05608728155493736,1.000247836112976,0.07909857178330046,324.1306966507244,0.0019619626815942566,0.9765603227090811,0.021616616308291436,0.0004939503404888936,0.5009473650021937
data\sample_audio\temp.wav,42,gain,AMPLITUDE SCALING,0.04,0.04,0.053482335060834885,0.9535477161407471,0.06868312762285493,324.3659474554148,0.0019756421966795577,0.9765469375787489,0.21922231622601035,0.0004943253859697318,0.5011412751209358
data\sample_audio\temp.wav,42,compression,COMPRESSION,0.11,0.11,0.05676630139350891,0.8125,0.06868312762285493,509.7199309881896,0.011544276795046163,0.9604520890362318,0.6746328532663098,0.0,0.5062270707112017
data\sample_audio\temp.wav,42,unknown,UNKNOWN MODIFICATION,0.09,0.09,0.04710838571190834,0.700454592704773,0.0686843629975626,293.34652130670156,0.0017326774344718708,0.983750215628308,0.2124564693452025,0.0016499160372404822,0.5004710616447173
data\sample_audio\watermarked.wav,42,clean,PROTECTED DERIVATIVE,0.035,0.035,0.05608667433261871,1.0,0.0689672638056212,324.28154598792327,0.00197564243392287,0.9765594113716752,0.21929352731112453,0.0004943440537814488,0.5010859847445132
data\sample_audio\watermarked.wav,42,noise,GAUSSIAN NOISE,0.08,0.08,0.05608855187892914,1.0008268356323242,0.1081274066643524,324.9933493239019,0.002017965251830118,0.9765061984313596,0.32990490483104595,0.0006445886575974586,0.4974228571470517
data\sample_audio\watermarked.wav,42,crop,CROPPING,0.14,0.14,0.05608667433261871,1.0,0.0683298104564586,324.2843597367673,0.001975659217975743,0.9765592043671495,0.219290738050341,0.0004044813887698557,0.5011060291280476
data\sample_audio\watermarked.wav,42,lowpass,LOWPASS FILTER,0.16,0.16,0.056080177426338196,1.000586748123169,0.07117858453236743,321.86095000087715,0.001789330926813942,0.9767480925572528,0.022224234106578866,0.000493712148757007,0.5002039416839703
data\sample_audio\watermarked.wav,42,resample,RESAMPLING,0.12,0.12,0.056086216121912,1.000551700592041,0.0809837535872193,324.0462825125587,0.0019619623150674117,0.9765727972637684,0.02161930119584314,0.0004939690792448881,0.5008917979370309
data\sample_audio\watermarked.wav,42,gain,AMPLITUDE SCALING,0.04,0.04,0.053481325507164,0.9535477161407471,0.0689672638056212,324.2815459879232,0.00197564243392287,0.9765594113716751,0.2192935273122159,0.0004943441747564897,0.5010859847443749
data\sample_audio\watermarked.wav,42,compression,COMPRESSION,0.11,0.11,0.05676141381263733,0.8125,0.0689672638056212,509.46567013458025,0.011534667480080321,0.9604723944213303,0.674322845333754,0.0,0.5063301526246272
data\sample_audio\watermarked.wav,42,unknown,UNKNOWN MODIFICATION,0.09,0.09,0.04710774123668671,0.700454592704773,0.06896849918032888,293.28135805615716,0.0017326631596620882,0.9837598652542022,0.2125006518568302,0.0016499611675153934,0.5004461831025767
input_audio\protected.wav,42,clean,PROTECTED DERIVATIVE,0.035,0.035,0.05613655969500542,1.006135106086731,0.09257033297054496,329.4498275403848,0.001972779458605283,0.9757621031509145,0.21735119943926043,0.000493465947264051,0.4973521041949244
input_audio\protected.wav,42,noise,GAUSSIAN NOISE,0.08,0.08,0.056138452142477036,1.0055468082427979,0.11192000701692834,330.1611895167844,0.0020150386908063434,0.9757089666826172,0.3274321903282242,0.0006434433282557917,0.49429121071525406
input_audio\protected.wav,42,crop,CROPPING,0.14,0.14,0.05613655969500542,1.006135106086731,0.09167098018335432,329.45268097015196,0.001972796195508047,0.9757618913814352,0.21734806039708263,0.0004037628486695376,0.4973434299609343
input_audio\protected.wav,42,lowpass,LOWPASS FILTER,0.16,0.16,0.0561300590634346,1.0047608613967896,0.0869444365517727,327.03223481696267,0.0017867360210131287,0.9759505845057931,0.022005065250120127,0.0004928350326133346,0.4964498190045912
input_audio\protected.wav,42,resample,RESAMPLING,0.12,0.12,0.056136101484298706,1.005288004875183,0.09497560752639687,329.21498893039256,0.0019591198206460143,0.9757754580517899,0.021426057011810436,0.0004930916317453091,0.4971463096779787
input_audio\protected.wav,42,gain,AMPLITUDE SCALING,0.04,0.04,0.05352889001369476,0.9593978524208069,0.09257033297054496,329.44982754038483,0.0019727794586052835,0.9757621031509146,0.21735119944034473,0.000493465958474112,0.49735210419479553
input_audio\protected.wav,42,compression,COMPRESSION,0.11,0.11,0.05682828277349472,0.8125,0.09257033297054496,521.1247478478863,0.012008947043520037,0.9590549086566775,0.6838274455647805,0.0,0.5053866507788897
input_audio\protected.wav,42,unknown,UNKNOWN MODIFICATION,0.09,0.09,0.04713679850101471,0.700454592704773,0.09257156834525264,296.83036700863727,0.0017309509566128059,0.9832107485098908,0.2116253512643483,0.0016479275387624912,0.49730922615383
input_audio\speech.wav,42,clean,PROTECTED DERIVATIVE,0.035,0.035,0.05610116571187973,1.0,0.07862542327025922,325.78011888551896,0.0019748556414866322,0.9763333059091387,0.21867640529450333,0.0004940888093240553,0.5003106508034596
input_audio\speech.wav,42,noise,GAUSSIAN NOISE,0.08,0.08,0.05610303953289986,1.0008268356323242,0.10839671835062652,326.4911334949677,0.0020171600945948914,0.9762802811670853,0.3291862174384045,0.0006442557661709004,0.4968628283528021
input_audio\speech.wav,42,crop,CROPPING,0.14,0.14,0.05610116571187973,1.0,0.07798796992109662,325.782945041143,0.001974872421817379,0.9763330972479409,0.21867343544530685,0.00040427254330496017,0.5003231058933084
input_audio\speech.wav,42,lowpass,LOWPASS FILTER,0.16,0.16,0.056094665080308914,1.0012507438659668,0.08103934544906488,323.36033289440047,0.0017886164719538849,0.9765219342406775,0.022155609269234974,0.0004934572070247846,0.4994351595438646
input_audio\speech.wav,42,resample,RESAMPLING,0.12,0.12,0.05610070377588272,1.000771403312683,0.08914710965556517,325.5449828420135,0.001961181655947881,0.9763466826913983,0.021560482079101002,0.0004937140315939368,0.5001159709241468
input_audio\speech.wav,42,gain,AMPLITUDE SCALING,0.04,0.04,0.0534951388835907,0.9535477161407471,0.07862542327025922,325.78011888551896,0.0019748556414866327,0.9763333059091389,0.21867640529559382,0.000494088925986195,0.5003106508033252
input_audio\speech.wav,42,compression,COMPRESSION,0.11,0.11,0.05678640305995941,0.8125,0.07862542327025922,512.9355059475516,0.011672887965189935,0.9600221919038459,0.6776622756041238,0.0,0.506166610381559
input_audio\speech.wav,42,unknown,UNKNOWN MODIFICATION,0.09,0.09,0.047116246074438095,0.700454592704773,0.0786266586449669,294.3105791024161,0.0017321987260249976,0.9836045718207588,0.21228432535634006,0.001649365579299077,0.49975071839130564
input_audio\tampered.wav,42,clean,PROTECTED DERIVATIVE,0.035,0.035,0.05501210689544678,0.9861162900924683,0.09231584578076299,329.2871909039747,0.0019728822929420036,0.9757802590966743,0.21736978540442572,0.0004934967838089938,0.49747059906482277
input_audio\tampered.wav,42,noise,GAUSSIAN NOISE,0.08,0.08,0.055014025419950485,0.9855280518531799,0.11221649694677141,330.02647143927845,0.002016893741244213,0.9757252273355523,0.3292697471476984,0.0006497768030072362,0.49435578778052314
input_audio\tampered.wav,42,crop,CROPPING,0.14,0.14,0.05501210689544678,0.9861162900924683,0.09141649299357235,329.29004338804714,0.001972899050588528,0.9757800468263352,0.21736669811883874,0.00040378805663539606,0.49750173089269795
input_audio\tampered.wav,42,lowpass,LOWPASS FILTER,0.16,0.16,0.05500573664903641,0.9857429265975952,0.08673689360088255,326.8695056085149,0.0017868291482684695,0.9759687439525894,0.0220068916196128,0.0004928658789927826,0.4965704600220364
input_audio\tampered.wav,42,resample,RESAMPLING,0.12,0.12,0.05501165613532066,0.9852861166000366,0.09471370808836882,329.0523378172514,0.001959221943814623,0.9757936149427345,0.021427581179920465,0.0004931224657274452,0.49726548154240197
input_audio\tampered.wav,42,gain,AMPLITUDE SCALING,0.04,0.04,0.05245667323470116,0.9403089284896851,0.09231584578076299,329.28719090397465,0.001972882292942003,0.975780259096674,0.21736978540553215,0.0004934968061118577,0.4974705990646912
input_audio\tampered.wav,42,compression,COMPRESSION,0.11,0.11,0.055787477642297745,0.8125,0.09231584578076299,523.5687843808264,0.012177176084695198,0.9588588364721397,0.6852899545241784,0.0,0.5060642492928172
input_audio\tampered.wav,42,unknown,UNKNOWN MODIFICATION,0.09,0.09,0.04619292914867401,0.6864454746246338,0.09231708115547067,296.7076907744408,0.0017310210685913075,0.9832281666202757,0.2116359408335767,0.0016480082492886928,0.4974237178801754
data\eval_audio\speech1.wav,7,clean,PROTECTED DERIVATIVE,0.035,0.035,0.052032727748155594,0.263885498046875,0.0142897177699116,237.0983782229855,8.847214520539289e-06,0.9996446727110221,0.05403075679465797,0.00423802656486315,0.3097297924555222
data\eval_audio\speech1.wav,7,noise,GAUSSIAN NOISE,0.08,0.08,0.05203501135110855,0.2638107240200043,0.03663576728329393,237.8432382688138,5.349861582766779e-05,0.9995856248446112,0.13975972207083692,0.004372936787843844,0.31513472586977576
data\eval_audio\speech1.wav,7,crop,CROPPING,0.14,0.14,0.05203237757086754,0.263885498046875,0.01400675306159652,237.09548797384974,8.83898104734195e-06,0.9996447459863784,0.0539210962088837,0.007548009870560885,0.3094857620210664
data\eval_audio\speech1.wav,7,lowpass,LOWPASS FILTER,0.16,0.16,0.05203186348080635,0.26374784111976624,0.014602611437760009,236.880500552594,5.3388969037697164e-08,0.9996771440511899,0.0007270597923792284,0.0042375229605454276,0.3065918445849436
data\eval_audio\speech1.wav,7,resample,RESAMPLING,0.12,0.12,0.0520327091217041,0.2638047933578491,0.016499019146371658,237.08259597730012,8.022119502823609e-06,0.9996454975222153,0.005855548393539581,0.004237945410968512,0.3092034664087
data\eval_audio\speech1.wav,7,gain,AMPLITUDE SCALING,0.04,0.04,0.0479033961892128,0.24294346570968628,0.0142897177699116,237.0983782229855,8.847214520539285e-06,0.999644672711022,0.05403075679595277,0.004238026324848696,0.3097297924553436
data\eval_audio\speech1.wav,7,compression,COMPRESSION,0.11,0.11,0.052605561912059784,0.25,0.0142897177699116,331.1669494025695,0.004095076890336169,0.990140223408402,0.505203902044205,0.0,0.3724009669539272
data\eval_audio\speech1.wav,7,unknown,UNKNOWN MODIFICATION,0.09,0.09,0.04360658675432205,0.25200897455215454,0.0142897177699116,227.5069770475004,8.262211824805475e-06,0.9996117348836726,0.05528404840601434,0.0007028383835853343,0.31670989909432035
data\eval_audio\speech2.wav,7,clean,PROTECTED DERIVATIVE,0.035,0.035,0.015905234962701797,0.1942291259765625,0.016113305684239257,501.0047292139759,1.6439759177246356e-05,0.997302542400146,0.02028240694463858,10.281626572088364,0.25156413538177275
data\eval_audio\speech2.wav,7,noise,GAUSSIAN NOISE,0.08,0.08,0.015911156311631203,0.19415073096752167,0.3217914793276266,508.7231431659932,0.0004947426770364605,0.9966777242493923,0.34119419974030324,10.273837872109013,0.2932733964118795
data\eval_audio\speech2.wav,7,crop,CROPPING,0.14,0.14,0.015649480745196342,0.1942291259765625,0.016005641021752812,498.15938083537293,2.7388662755928903e-05,0.9973351470792278,0.025865417253016554,9.439942137509561,0.24694143398987622
data\eval_audio\speech2.wav,7,lowpass,LOWPASS FILTER,0.16,0.16,0.015905018895864487,0.19408290088176727,0.10560386986223473,500.82636305550704,5.9448734197309774e-06,0.9973286568086828,0.0005791115201539352,10.281834591167206,0.25096517148418807
data\eval_audio\speech2.wav,7,resample,RESAMPLING,0.12,0.12,0.015905234962701797,0.1942262202501297,0.23907469046409535,501.00439086089364,1.6422561625937955e-05,0.9973025595584076,0.004898525634522234,10.281627619893767,0.2514820879686215
data\eval_audio\speech2.wav,7,gain,AMPLITUDE SCALING,0.04,0.04,0.01569603569805622,0.19167444109916687,0.016113305684239257,501.00472921397596,1.643975917724636e-05,0.9973025424001459,0.020282406945939385,10.28162670176725,0.25156413538168554
data\eval_audio\speech2.wav,7,compression,COMPRESSION,0.11,0.11,0.016141436994075775,0.1875,0.016113305684239257,677.766345568532,0.009418054389458346,0.9801935423878888,0.5309870268861042,10.121717229282833,0.3521003480484515
data\eval_audio\speech2.wav,7,unknown,UNKNOWN MODIFICATION,0.09,0.09,0.011084116995334625,0.12784650921821594,0.016113305684239257,506.60286458320235,1.600054826810867e-05,0.9976452874286449,0.021442677062000957,4.332839376000961,0.25363329017458386
data\eval_audio\speech3.wav,7,clean,PROTECTED DERIVATIVE,0.035,0.035,0.019235923886299133,0.125091552734375,0.014950741607937147,405.56199707093697,1.248968151896711e-07,0.9998256378323473,0.009849967627229526,3.107878011340563,0.17868522837884634
data\eval_audio\speech3.wav,7,noise,GAUSSIAN NOISE,0.08,0.08,0.019241493195295334,0.12491123378276825,0.23689833728222023,410.89686353412037,0.00032669217446355884,0.9993980255797794,0.22864937565955687,3.106398765673348,0.21740297158701993
data\eval_audio\speech3.wav,7,crop,CROPPING,0.14,0.14,0.01901957578957081,0.125091552734375,0.014706600415272542,402.6433967001865,6.151336946675252e-06,0.9998169758802697,0.013265936587543254,3.0531879409480838,0.1779797849237502
data\eval_audio\speech3.wav,7,lowpass,LOWPASS FILTER,0.16,0.16,0.019235923886299133,0.12508510053157806,0.04952810995189256,405.56084148590935,5.317514201848697e-08,0.9998257282937528,0.0006196359548070714,3.107877687786988,0.17838299055289836
data\eval_audio\speech3.wav,7,resample,RESAMPLING,0.12,0.12,0.019235923886299133,0.12508705258369446,0.12100800085565676,405.5613223530912,8.553265610885195e-08,0.9998256771902679,0.0005280094116097924,3.1078783349525434,0.17847500143783007
data\eval_audio\speech3.wav,7,gain,AMPLITUDE SCALING,0.04,0.04,0.018126262351870537,0.11787539720535278,0.014950741607937147,405.561997070937,1.248968151896711e-07,0.9998256378323473,0.009849967630174272,3.107877826785281,0.17868522837866485
data\eval_audio\speech3.wav,7,compression,COMPRESSION,0.11,0.11,0.020853474736213684,0.125,0.014950741607937147,876.2753172979028,0.01821968048467559,0.9525730470638285,0.6008619141179135,2.990897403127945,0.37081331685986013
data\eval_audio\speech3.wav,7,unknown,UNKNOWN MODIFICATION,0.09,0.09,0.01318827923387289,0.0938076451420784,0.014950741607937147,392.58268832233745,1.3634135820542348e-07,0.9998413515646909,0.010634014823994245,1.0655349394694753,0.18159645833268648
data\eval_audio\speech4.wav,7,clean,PROTECTED DERIVATIVE,0.035,0.035,0.006305443588644266,0.115386962890625,0.08045050038922497,2317.343666687517,0.14284224670572612,0.8435221713936429,0.1660188806765485,4.905118127791452,0.5567081067149807
data\eval_audio\speech4.wav,7,noise,GAUSSIAN NOISE,0.08,0.08,0.006320674903690815,0.11547619849443436,0.29929499250566827,2358.8773879774853,0.1452672146176258,0.8402284573464734,0.5561431558885147,4.891440853561185,0.5155035375001936
data\eval_audio\speech4.wav,7,crop,CROPPING,0.14,0.14,0.006123815663158894,0.115386962890625,0.07975810018190514,2218.822749048463,0.1341806423034276,0.8519641682391388,0.16436650877029932,2.203771559944177,0.5611695124815183
data\eval_audio\speech4.wav,7,lowpass,LOWPASS FILTER,0.16,0.16,0.006221503019332886,0.10829570889472961,0.13899033641444755,2016.289791698402,0.11962290912185518,0.8663834238621583,0.02676153753410293,4.653210090687978,0.55756893208514
data\eval_audio\speech4.wav,7,resample,RESAMPLING,0.12,0.12,0.006262655835598707,0.1084633469581604,0.13773361002659537,2124.4919648843565,0.13113639549673103,0.855041595052069,0.017613051844441216,4.775907514401657,0.5561931283621343
data\eval_audio\speech4.wav,7,gain,AMPLITUDE SCALING,0.04,0.04,0.005818240810185671,0.10647135972976685,0.08045050038922497,2317.343666687517,0.14284224670572615,0.8435221713936427,0.1660188806855492,4.905118363785746,0.5567081067126246
data\eval_audio\speech4.wav,7,compression,COMPRESSION,0.11,0.11,0.006203002296388149,0.125,0.08045050038922497,2965.222200188934,0.1607699358033157,0.7981781815117082,0.7655359409709835,5.128658124149218,0.7073573255792596
data\eval_audio\speech4.wav,7,unknown,UNKNOWN MODIFICATION,0.09,0.09,0.004640399944037199,0.09893195331096649,0.08045050038922497,2110.535088914072,0.12343984807626478,0.8642329999120276,0.16700694484804154,1.5309093534825895,0.5691047469405742
data\eval_audio\speech5.wav,7,clean,PROTECTED DERIVATIVE,0.035,0.035,0.02923247590661049,0.1705474853515625,0.021675861475419913,460.3467702240773,1.4068187386522682e-07,0.9998686376004093,0.008061114363843812,0.554890894413362,0.2636850735352622
data\eval_audio\speech5.wav,7,noise,GAUSSIAN NOISE,0.08,0.08,0.029235025867819786,0.171743705868721,0.125760745280086,462.634946938758,0.00014181937160330336,0.9996835740581654,0.1443837253401403,0.5550513737386318,0.27855639070233457
data\eval_audio\speech5.wav,7,crop,CROPPING,0.14,0.14,0.029174672439694405,0.1705474853515625,0.021501976839971685,459.77867798167114,9.964019680644821e-07,0.999870631475252,0.009035366176823533,0.6010452453555968,0.26474293646793334
data\eval_audio\speech5.wav,7,lowpass,LOWPASS FILTER,0.16,0.16,0.02923240140080452,0.17056159675121307,0.033951414173881124,460.3292491017529,2.4551953083943775e-09,0.9998711257618489,9.749377241576153e-05,0.554880035356004,0.2634248578956112
data\eval_audio\speech5.wav,7,resample,RESAMPLING,0.12,0.12,0.02923247590661049,0.1705491840839386,0.052471006054346854,460.3464431257976,1.2266612650060566e-07,0.9998686556158732,0.0006183079156237017,0.5548908941578554,0.26360407291022664
data\eval_audio\speech5.wav,7,gain,AMPLITUDE SCALING,0.04,0.04,0.028766466304659843,0.16782869398593903,0.021675861475419913,460.34677022407715,1.4068187386522706e-07,0.999868637600409,0.00806111436429599,0.5548908975465107,0.26368507353522336
data\eval_audio\speech5.wav,7,compression,COMPRESSION,0.11,0.11,0.03259953111410141,0.1875,0.021675861475419913,1051.516482262678,0.023368865178954062,0.9391893725241524,0.6277127738591883,0.5649588698542478,0.4102841499674806
data\eval_audio\speech5.wav,7,unknown,UNKNOWN MODIFICATION,0.09,0.09,0.029315847903490067,0.19398550689220428,0.021677617885878988,434.80370766298194,1.240664931944347e-07,0.9999181018882207,0.008061511308635236,0.08769026785105216,0.25544919674099126
data\sample_audio\channel_test.wav,7,clean,PROTECTED DERIVATIVE,0.035,0.035,0.05608765035867691,1.0002334117889404,0.0794382998279123,324.30295579583145,0.0019757700252394537,0.976556055328223,0.21876040786732623,0.000494376062312631,0.5010948794493644
data\sample_audio\channel_test.wav,7,noise,GAUSSIAN NOISE,0.08,0.08,0.05608867481350899,1.0008553266525269,0.10433604168648414,324.8242790359494,0.0020060492407271745,0.9765148517809692,0.3176382621975925,0.0006050613255398434,0.49802583824170005
data\sample_audio\channel_test.wav,7,crop,CROPPING,0.14,0.14,0.05608765035867691,1.0002334117889404,0.07803985565881916,324.34749725644764,0.0019760398529637844,0.9765531323395499,0.21877206853893294,0.00039679404920574604,0.5017101417057795
data\sample_audio\channel_test.wav,7,lowpass,LOWPASS FILTER,0.16,0.16,0.05606714263558388,1.0007314682006836,0.06252725545448817,317.83001875730736,0.0014347278014786684,0.9771517224175168,0.011465777498552517,0.0004937750016901463,0.4993697612705536
data\sample_audio\channel_test.wav,7,resample,RESAMPLING,0.12,0.12,0.05608583614230156,1.0008041858673096,0.07193339847875958,323.4680745295703,0.0019217913788391247,0.9766088728544429,0.0072051879569716175,0.0004938438539679084,0.5004958217767118
data\sample_audio\channel_test.wav,7,gain,AMPLITUDE SCALING,0.04,0.04,0.054816633462905884,0.9775667786598206,0.0794382998279123,324.30295579583145,0.001975770025239453,0.9765560553282228,0.2187604078678519,0.0004943761198635237,0.5010948794492984
data\sample_audio\channel_test.wav,7,compression,COMPRESSION,0.11,0.11,0.056561022996902466,0.9166666865348816,0.0794382998279123,438.08409086225487,0.008078180914426365,0.9667601150131326,0.6428068179297963,0.0,0.4971579967064411
data\sample_audio\channel_test.wav,7,unknown,UNKNOWN MODIFICATION,0.09,0.09,0.05437200516462326,0.8124120831489563,0.07943953520261998,293.1724274415807,0.0017321457624871642,0.9841283857830546,0.21132082865699522,0.0016848986618778344,0.5002228288974916
data\sample_audio\e2e_watermarked.wav,7,clean,PROTECTED DERIVATIVE,0.035,0.035,0.056086670607328415,1.0,0.06886843382900684,324.2816313652971,0.001975642977955619,0.9765594051042056,0.21929212204019075,0.0004943441605590255,0.5010862283226152
data\sample_audio\e2e_watermarked.wav,7,noise,GAUSSIAN NOISE,0.08,0.08,0.05608769506216049,1.0009838342666626,0.10437804442654523,324.8029129609521,0.002005923998599396,0.976518212340402,0.3176658673657663,0.0006049932177608813,0.49802548267561286
data\sample_audio\e2e_watermarked.wav,7,crop,CROPPING,0.14,0.14,0.05608667433261871,1.0,0.06799008241184674,324.3261687399411,0.0019759127856580788,0.9765564824901879,0.21930512189753396,0.0003968775003953343,0.5017000127157899
data\sample_audio\e2e_watermarked.wav,7,lowpass,LOWPASS FILTER,0.16,0.16,0.05606616660952568,1.0006985664367676,0.06553045136885695,317.8089955033115,0.0014346278188967386,0.9771550384105273,0.011530103521242356,0.0004937225535294048,0.4993654970544241
data\sample_audio\e2e_watermarked.wav,7,resample,RESAMPLING,0.12,0.12,0.056084852665662766,1.0006470680236816,0.0749452420160821,323.44669032222055,0.001921662039264204,0.9766122250477383,0.007257588832769614,0.000493798383676075,0.5004907391222151
data\sample_audio\e2e_watermarked.wav,7,gain,AMPLITUDE SCALING,0.04,0.04,0.05481567606329918,0.9773386716842651,0.06886843382900684,324.28163136529713,0.001975642977955619,0.9765594051042056,0.21929212204071025,0.0004943442307949208,0.5010862283225492
data\sample_audio\e2e_watermarked.wav,7,compression,COMPRESSION,0.11,0.11,0.056563183665275574,0.9166666865348816,0.06886843382900684,438.1166538848548,0.008079769949802626,0.9667586914932151,0.6428210113657102,0.0,0.4971166422200764
data\sample_audio\e2e_watermarked.wav,7,unknown,UNKNOWN MODIFICATION,0.09,0.09,0.05437101796269417,0.8124120831489563,0.06886966920371453,293.1546404799827,0.001731974093670401,0.9841309734383302,0.21181050729470244,0.0016830786183550637,0.5002142930865879
data\sample_audio\ecc_recovery.wav,7,clean,PROTECTED DERIVATIVE,0.035,0.035,0.056087788194417953,1.0,0.06935764221324792,324.3563521213205,0.001975649000690756,0.9765485621481822,0.2192133038936693,0.0004943245498511959,0.501157876266767
data\sample_audio\ecc_recovery.wav,7,noise,GAUSSIAN NOISE,0.08,0.08,0.056088805198669434,1.0008312463760376,0.10335515416858665,324.8773217651579,0.0020059295420740675,0.9765074216805129,0.3176338368368844,0.0006049692619786996,0.4980802274782277
data\sample_audio\ecc_recovery.wav,7,crop,CROPPING,0.14,0.14,0.056087784469127655,1.0,0.06847929079608782,324.40089858369254,0.001975918790020976,0.9765456392582478,0.21922525725040456,0.0003968616990786146,0.501722033391814
data\sample_audio\ecc_recovery.wav,7,lowpass,LOWPASS FILTER,0.16,0.16,0.05606727674603462,1.0006275177001953,0.0663210911817718,317.8835309760339,0.0014346277703887154,0.9771442193559348,0.011527953883821745,0.0004937029175780995,0.4994424817663874
data\sample_audio\ecc_recovery.wav,7,resample,RESAMPLING,0.12,0.12,0.056085966527462006,1.000557541847229,0.07438438189879563,323.5214084861918,0.0019216672710527776,0.9766013822794888,0.007256387954953714,0.0004937786384078597,0.5005642990417905
data\sample_audio\ecc_recovery.wav,7,gain,AMPLITUDE SCALING,0.04,0.04,0.05481676384806633,0.9773386716842651,0.06935764221324792,324.3563521213206,0.001975649000690756,0.9765485621481825,0.21921330389418958,0.0004943245943792558,0.501157876266701
data\sample_audio\ecc_recovery.wav,7,compression,COMPRESSION,0.11,0.11,0.056565817445516586,0.9166666865348816,0.06935764221324792,438.38367535575316,0.008089929594538896,0.9667233121543165,0.6435008177907099,0.0,0.49726144366438924
data\sample_audio\ecc_recovery.wav,7,unknown,UNKNOWN MODIFICATION,0.09,0.09,0.05437178537249565,0.8124120831489563,0.06935887758795559,293.20571677105875,0.0017319890852417394,0.984124193758902,0.21176593711443367,0.0016830310366870815,0.5002234897477728
data\sample_audio\output.wav,7,clean,PROTECTED DERIVATIVE,0.035,0.035,0.05608629807829857,1.0,0.06884313538981134,324.29078163690576,0.0019757703808230102,0.9765583100320077,0.21909269323879868,0.0004897305885655504,0.5010866165664839
data\sample_audio\output.wav,7,noise,GAUSSIAN NOISE,0.08,0.08,0.05608731880784035,1.0009838342666626,0.1043783438561989,324.8120681934045,0.002006051134809639,0.9765171174193189,0.31766257934404196,0.0005998369737831832,0.49802155783646945
data\sample_audio\output.wav,7,crop,CROPPING,0.14,0.14,0.05608629807829857,1.0,0.06763622797579268,324.2902606039469,0.001975766314142217,0.9765583560042318,0.21907051426543178,0.00036513738524629355,0.5010818613688632
data\sample_audio\output.wav,7,lowpass,LOWPASS FILTER,0.16,0.16,0.05589056760072708,1.0013713836669922,0.0493695545560446,282.4449764588834,0.00011822899287739472,0.9822616846311362,0.003674322930331169,0.0004914317492669613,0.4961454929266792
data\sample_audio\output.wav,7,resample,RESAMPLING,0.12,0.12,0.05608395114541054,1.0005323886871338,0.07394130007523098,323.24206671955216,0.0019060644821415824,0.9766265166564191,0.008817311141689923,0.0004891406675545457,0.5003482176295191
data\sample_audio\output.wav,7,gain,AMPLITUDE SCALING,0.04,0.04,0.0562790110707283,1.0034359693527222,0.06884313538981134,324.2907816369058,0.0019757703808230115,0.9765583100320078,0.2190926932387216,0.0004897306049921006,0.5010866165664937
data\sample_audio\output.wav,7,compression,COMPRESSION,0.11,0.11,0.05554376170039177,0.65625,0.06884313538981134,412.4351805630834,0.006323122906008479,0.9689787496223511,0.6142322343015005,0.0,0.49398958474858523
data\sample_audio\output.wav,7,unknown,UNKNOWN MODIFICATION,0.09,0.09,0.05168340727686882,0.7663547992706299,0.06884437070958002,293.556508322274,0.001734772729448598,0.9835491733996463,0.2127121259841371,0.001529893705330156,0.5005996558103378
data\sample_audio\real_pipeline.wav,7,clean,PROTECTED DERIVATIVE,0.035,0.035,0.05608665570616722,1.0,0.06925139998838747,324.27569741738796,0.001975653506930801,0.9765600391751892,0.21927893204296417,0.0004943444452994555,0.5010866275644089
data\sample_audio\real_pipeline.wav,7,noise,GAUSSIAN NOISE,0.08,0.08,0.0560876838862896,1.0009838342666626,0.10437310292771453,324.7969908991084,0.002005933705731831,0.9765188443200163,0.3176644822439315,0.0006049935226648815,0.4980255031091336
data\sample_audio\real_pipeline.wav,7,crop,CROPPING,0.14,0.14,0.05608665943145752,1.0,0.06837304857122738,324.3202347783482,0.0019759233231808762,0.9765571167147584,0.21929177966246172,0.00039687767184509216,0.5017001146768403
data\sample_audio\real_pipeline.wav,7,lowpass,LOWPASS FILTER,0.16,0.16,0.05606614798307419,1.0006921291351318,0.06473487005711137,317.8030371887338,0.0014346347046863637,0.9771556732311408,0.011530174937934675,0.000493722802546063,0.499365954801821
data\sample_audio\real_pipeline.wav,7,resample,RESAMPLING,0.12,0.12,0.05608483776450157,1.0006632804870605,0.07397670824526141,323.4407550722628,0.0019216723848020536,0.976612859333067,0.007257729102099736,0.0004937984962187486,0.50049121418829
data\sample_audio\real_pipeline.wav,7,gain,AMPLITUDE SCALING,0.04,0.04,0.054815661162137985,0.9773386716842651,0.06925139998838747,324.2756974173879,0.001975653506930801,0.9765600391751892,0.21927893204348392,0.0004943444171061456,0.5010866275643432
data\sample_audio\real_pipeline.wav,7,compression,COMPRESSION,0.11,0.11,0.056563351303339005,0.9166666865348816,0.06925139998838747,438.10434531802485,0.008078269050608891,0.9667587123199929,0.6427875678338325,0.0,0.4971259683014698
data\sample_audio\real_pipeline.wav,7,unknown,UNKNOWN MODIFICATION,0.09,0.09,0.054370999336242676,0.8124120831489563,0.06925263536309516,293.1521097790884,0.001731979014938872,0.9841312537283352,0.21180319378589893,0.0016830793920629508,0.500213927152002
data\sample_audio\reconstructed.wav,7,clean,PROTECTED DERIVATIVE,0.035,0.035,0.05608667433261871,1.0,0.06886843382900684,324.2815458356652,0.0019756424274818612,0.9765594113757559,0.21929293483322612,0.0004943440537814488,0.5010860211151504
data\sample_audio\reconstructed.wav,7,noise,GAUSSIAN NOISE,0.08,0.08,0.05608770251274109,1.0009838342666626,0.10437804442654523,324.80282712384644,0.0020059233881802685,0.976518218634355,0.3176656725839015,0.0006049931306455092,0.49802537849948675
data\sample_audio\reconstructed.wav,7,crop,CROPPING,0.14,0.14,0.05608667805790901,1.0,0.06799008241184674,324.32608321380405,0.0019759122350494233,0.976556488761475,0.21930585224453883,0.000396877386095578,0.5017000539254642
data\sample_audio\reconstructed.wav,7,lowpass,LOWPASS FILTER,0.16,0.16,0.05606617033481598,1.0006985664367676,0.06553045136885695,317.8089116389209,0.001434627418185036,0.9771550445207245,0.011530088528155591,0.0004937224823818343,0.49936531948193924
data\sample_audio\reconstructed.wav,7,resample,RESAMPLING,0.12,0.12,0.05608486011624336,1.0006470680236816,0.07494277126666675,323.4466048948139,0.0019216614991721139,0.9766122313094402,0.0072575674115777904,0.0004937982399818375,0.500490547591759
data\sample_audio\reconstructed.wav,7,gain,AMPLITUDE SCALING,0.04,0.04,0.05481567978858948,0.9773386716842651,0.06886843382900684,324.2815458356651,0.0019756424274818603,0.976559411375756,0.2192929348337456,0.0004943441190082533,0.5010860211150846
data\sample_audio\reconstructed.wav,7,compression,COMPRESSION,0.11,0.11,0.056563183665275574,0.9166666865348816,0.06886843382900684,438.1166538848548,0.008079769949802626,0.9667586914932151,0.6428210113657102,0.0,0.4971166422200764
data\sample_audio\reconstructed.wav,7,unknown,UNKNOWN MODIFICATION,0.09,0.09,0.05437102168798447,0.8124120831489563,0.06886966920371453,293.1546302828728,0.0017319740295557893,0.9841309739967014,0.21181076325014228,0.0016830786183550637,0.5002143086737724
data\sample_audio\speech.wav,7,clean,PROTECTED DERIVATIVE,0.035,0.035,0.05608630180358887,1.0,0.06884313538981134,324.2905246929313,0.001975776284987344,0.9765583435255921,0.21877010376567302,0.0004895396703934521,0.501093006407424
data\sample_audio\speech.wav,7,noise,GAUSSIAN NOISE,0.08,0.08,0.056087322533130646,1.0009838342666626,0.1043734025771241,324.8117953932266,0.002006056483354947,0.976517151721659,0.3176459516802748,0.0005996855322365188,0.4980224998419609
data\sample_audio\speech.wav,7,crop,CROPPING,0.14,0.14,0.05608630180358887,1.0,0.06763622797579268,324.2900041928233,0.001975772250145846,0.9765583894589773,0.2187519135521006,0.0003651633451295315,0.5010877854486503
data\sample_audio\speech.wav,7,lowpass,LOWPASS FILTER,0.16,0.16,0.05589057132601738,1.00137197971344,0.05007615746374028,282.44476707703325,0.00011822925731920123,0.9822617175078596,0.003662083319615196,0.0004912645370296658,0.4961476454072369
data\sample_audio\speech.wav,7,resample,RESAMPLING,0.12,0.12,0.056083954870700836,1.0005313158035278,0.07316304862095077,323.2419338628582,0.001906077854495478,0.9766265428447807,0.008770402730933036,0.0004889633498660971,0.5003520309136038
data\sample_audio\speech.wav,7,gain,AMPLITUDE SCALING,0.04,0.04,0.0562790185213089,1.0034359693527222,0.06884313538981134,324.29052469293134,0.0019757762849873443,0.9765583435255925,0.21877010376559547,0.0004895396589596633,0.5010930064074338
data\sample_audio\speech.wav,7,compression,COMPRESSION,0.11,0.11,0.05554354563355446,0.65625,0.06884313538981134,412.48641389797297,0.006325324457104408,0.9689738791059035,0.6142827915163523,0.0,0.4939760655587133
data\sample_audio\speech.wav,7,unknown,UNKNOWN MODIFICATION,0.09,0.09,0.05168341100215912,0.7663547992706299,0.06884437070958002,293.5564451349545,0.0017347951027215018,0.983549185644707,0.21241722127122584,0.001530543619406579,0.5006066988334348
data\sample_audio\temp.wav,7,clean,PROTECTED DERIVATIVE,0.035,0.035,0.056087739765644073,1.0,0.06868312762285493,324.36594745541476,0.0019756421966795577,0.9765469375787487,0.2192223162249179,0.0004943253328260425,0.5011412751210738
data\sample_audio\temp.wav,7,noise,GAUSSIAN NOISE,0.08,0.08,0.056088756769895554,1.0009838342666626,0.10335515416858665,324.8868793255455,0.0020059223577570395,0.9765057920119519,0.31762791904438975,0.0006049702637279457,0.4980688908368635
data\sample_audio\temp.wav,7,crop,CROPPING,0.14,0.14,0.056087739765644073,1.0,0.06780477620569483,324.41049544115555,0.0019759119863938576,0.9765440145978168,0.21923302405046874,0.00039686235625115834,0.5017314892676938
data\sample_audio\temp.wav,7,lowpass,LOWPASS FILTER,0.16,0.16,0.05606722831726074,1.0006957054138184,0.06561198609956378,317.89311938322584,0.001434622228121755,0.9771425965352005,0.011527995962534343,0.0004937038068537212,0.4994253590937728
data\sample_audio\temp.wav,7,resample,RESAMPLING,0.12,0.12,0.056085921823978424,1.000548005104065,0.07364562782360332,323.5310025472903,0.001921660578300799,0.9765997575129594,0.007256306734933576,0.00049377945840902,0.5005475626212815
data\sample_audio\temp.wav,7,gain,AMPLITUDE SCALING,0.04,0.04,0.05481671541929245,0.9773386716842651,0.06868312762285493,324.3659474554147,0.0019756421966795577,0.9765469375787487,0.21922231622543784,0.0004943253395657933,0.5011412751210083
data\sample_audio\temp.wav,7,compression,COMPRESSION,0.11,0.11,0.0565645657479763,0.9166666865348816,0.06868312762285493,438.386278701337,0.008089680799508172,0.966723023408052,0.6434675755445107,0.0,0.4971047261706491
data\sample_audio\temp.wav,7,unknown,UNKNOWN MODIFICATION,0.09,0.09,0.054371729493141174,0.8124120831489563,0.0686843629975626,293.2175749885824,0.0017319887491139443,0.9841216499608686,0.21176970584503627,0.0016830346471258264,0.5002353785703991
data\sample_audio\watermarked.wav,7,clean,PROTECTED DERIVATIVE,0.035,0.035,0.05608667433261871,1.0,0.0689672638056212,324.28154598792327,0.00197564243392287,0.9765594113716752,0.21929352731112453,0.0004943440537814488,0.5010859847445132
data\sample_audio\watermarked.wav,7,noise,GAUSSIAN NOISE,0.08,0.08,0.05608770251274109,1.0009838342666626,0.10437310292771453,324.8028270402271,0.002005923418287637,0.9765182187006636,0.3176656505427923,0.0006049931306455092,0.49802534797557685
data\sample_audio\watermarked.wav,7,crop,CROPPING,0.14,0.14,0.05608667805790901,1.0,0.06808891238846111,324.32608336609906,0.0019759122414935914,0.9765564887573934,0.21930641448556465,0.000396877386095578,0.5017000286775757
data\sample_audio\watermarked.wav,7,lowpass,LOWPASS FILTER,0.16,0.16,0.05606617033481598,1.0006985664367676,0.06510548246941521,317.8089117051635,0.0014346274188517057,0.9771550445223073,0.011530098583650622,0.0004937224823818343,0.4993653211874973
data\sample_audio\watermarked.wav,7,resample,RESAMPLING,0.12,0.12,0.05608486011624336,1.0006470680236816,0.07445603363184104,323.4466049750965,0.0019216615012967156,0.9766122313095829,0.00725739018985899,0.0004937982685546381,0.5004905483725153
data\sample_audio\watermarked.wav,7,gain,AMPLITUDE SCALING,0.04,0.04,0.05481567978858948,0.9773386716842651,0.0689672638056212,324.2815459879232,0.0019756424339228695,0.9765594113716751,0.21929352731164406,0.0004943441190082533,0.5010859847444473
data\sample_audio\watermarked.wav,7,compression,COMPRESSION,0.11,0.11,0.056563183665275574,0.9166666865348816,0.0689672638056212,438.1166538848548,0.008079769949802626,0.9667586914932151,0.6428210113657102,0.0,0.4971166422200764
data\sample_audio\watermarked.wav,7,unknown,UNKNOWN MODIFICATION,0.09,0.09,0.05437102168798447,0.8124120831489563,0.06896849918032888,293.15463029914594,0.0017319740302144053,0.9841309739960767,0.21181093299473855,0.0016830786183550637,0.5002143007824813
input_audio\protected.wav,7,clean,PROTECTED DERIVATIVE,0.035,0.035,0.05613655969500542,1.006135106086731,0.09257033297054496,329.4498275403848,0.001972779458605283,0.9757621031509145,0.21735119943926043,0.000493465947264051,0.4973521041949244
input_audio\protected.wav,7,noise,GAUSSIAN NOISE,0.08,0.08,0.056137558072805405,1.0062322616577148,0.10918118129000298,329.9676227476399,0.002003015036728029,0.9757212990935051,0.3152352354038997,0.0006039189053944496,0.49478952176816654
input_audio\protected.wav,7,crop,CROPPING,0.14,0.14,0.05613655969500542,1.006135106086731,0.09129172014809672,329.49498427341075,0.001973048492444762,0.9757590890682627,0.21736437871143172,0.0003961723826844339,0.49787784560377957
input_audio\protected.wav,7,lowpass,LOWPASS FILTER,0.16,0.16,0.05611598864197731,1.0051898956298828,0.08186951725262548,322.9743030085381,0.0014325473836753952,0.9763587362148003,0.011404096491236713,0.0004928461862921012,0.4956026739790624
input_audio\protected.wav,7,resample,RESAMPLING,0.12,0.12,0.056134745478630066,1.0048023462295532,0.08968326227869806,328.616356315385,0.0019188751366824234,0.9758148049111968,0.007189776817162966,0.0004929208909078567,0.49674167282065923
input_audio\protected.wav,7,gain,AMPLITUDE SCALING,0.04,0.04,0.05486443266272545,0.9833347201347351,0.09257033297054496,329.4498275403848,0.001972779458605283,0.9757621031509144,0.21735119943977652,0.0004934659210215036,0.4973521041948631
input_audio\protected.wav,7,compression,COMPRESSION,0.11,0.11,0.05660385638475418,0.9166666865348816,0.09257033297054496,449.5227169473956,0.00847785557204406,0.9653264337076479,0.6558484032331342,0.0,0.49608698005570073
input_audio\protected.wav,7,unknown,UNKNOWN MODIFICATION,0.09,0.09,0.054403048008680344,0.8124120831489563,0.09257156834525264,296.5403583336593,0.0017303406875117835,0.9836068252933149,0.21103631946119605,0.0016810974250069408,0.49715367026772317
input_audio\speech.wav,7,clean,PROTECTED DERIVATIVE,0.035,0.035,0.05610116571187973,1.0,0.07862542327025922,325.78011888551896,0.0019748556414866322,0.9763333059091387,0.21867640529450333,0.0004940888093240553,0.5003106508034596
input_audio\speech.wav,7,noise,GAUSSIAN NOISE,0.08,0.08,0.05610217526555061,1.0006989240646362,0.1050056147780464,326.300016626796,0.0020051223107536782,0.976292220929039,0.31695543731411374,0.0006046809397048116,0.4974242315610946
input_audio\speech.wav,7,crop,CROPPING,0.14,0.14,0.05610116571187973,1.0,0.07774707185309912,325.824840467113,0.0019751252523467315,0.9763303584448931,0.21868789693397384,0.0003966724668271577,0.5008172778882665
input_audio\speech.wav,7,lowpass,LOWPASS FILTER,0.16,0.16,0.056080639362335205,1.0016824007034302,0.07591006966277977,319.30655898010406,0.0014340534590458508,0.9769292341340249,0.011489336245582658,0.0004934677277653724,0.4986053727930629
input_audio\speech.wav,7,resample,RESAMPLING,0.12,0.12,0.05609934777021408,1.0011121034622192,0.08382511541488206,324.9455720251612,0.0019208946978852223,0.9763860940213019,0.007236277980884052,0.0004935431052857962,0.49971933311630695
input_audio\speech.wav,7,gain,AMPLITUDE SCALING,0.04,0.04,0.05482983961701393,0.9773386716842651,0.07862542327025922,325.7801188855189,0.0019748556414866322,0.9763333059091386,0.21867640529502239,0.0004940888184471118,0.5003106508033957
input_audio\speech.wav,7,compression,COMPRESSION,0.11,0.11,0.056574176996946335,0.9166666865348816,0.07862542327025922,442.2396977625976,0.008219612258513169,0.9662372935355725,0.6482795221859567,0.0,0.49707451534114827
input_audio\speech.wav,7,unknown,UNKNOWN MODIFICATION,0.09,0.09,0.054380398243665695,0.8124120831489563,0.0786266586449669,294.1366399173194,0.0017315311485693841,0.983982768296081,0.21163208206265088,0.0016824978933911647,0.4995090016361874
input_audio\tampered.wav,7,clean,PROTECTED DERIVATIVE,0.035,0.035,0.05501210689544678,0.9861162900924683,0.09231584578076299,329.2871909039747,0.0019728822929420036,0.9757802590966743,0.21736978540442572,0.0004934967838089938,0.49747059906482277
input_audio\tampered.wav,7,noise,GAUSSIAN NOISE,0.08,0.08,0.05501314252614975,0.9862134456634521,0.10934425075141667,329.8283632567871,0.0020044015318777335,0.9757373946169366,0.31691399783060803,0.0006085967836568504,0.49484023982365183
input_audio\tampered.wav,7,crop,CROPPING,0.14,0.14,0.05501210689544678,0.9861162900924683,0.09103723295831476,329.33232854135895,0.0019731513766154045,0.9757772512692025,0.21738302002518634,0.0003961971746572317,0.49799232475466476
input_audio\tampered.wav,7,lowpass,LOWPASS FILTER,0.16,0.16,0.0549919493496418,0.9861665964126587,0.08167679879822748,322.8119049898447,0.0014326219289615802,0.9763768320543823,0.011405034692529247,0.0004928769515066798,0.4957251508157801
input_audio\tampered.wav,7,resample,RESAMPLING,0.12,0.12,0.05501032620668411,0.9856069684028625,0.08944854108423897,328.4536674106642,0.0019189751642956282,0.9758329645871646,0.007190056764450731,0.0004929517285226863,0.49686164652622433
input_audio\tampered.wav,7,gain,AMPLITUDE SCALING,0.04,0.04,0.05376546084880829,0.9637695550918579,0.09231584578076299,329.28719090397465,0.0019728822929420036,0.9757802590966741,0.2173697854049523,0.00049349677229802,0.49747059906476004
input_audio\tampered.wav,7,compression,COMPRESSION,0.11,0.11,0.05555003136396408,0.9166666865348816,0.09231584578076299,451.2472577317677,0.008600947263000725,0.9651434497952736,0.6572457531514364,0.0,0.4966221432029214
input_audio\tampered.wav,7,unknown,UNKNOWN MODIFICATION,0.09,0.09,0.0533137172460556,0.7961638569831848,0.09231708115547067,296.4217911880231,0.001730408554000422,0.9836240436110543,0.21104636119114062,0.001681177233722059,0.49723309432407337
data\eval_audio\speech1.wav,101,clean,PROTECTED DERIVATIVE,0.035,0.035,0.052032727748155594,0.263885498046875,0.0142897177699116,237.0983782229855,8.847214520539289e-06,0.9996446727110221,0.05403075679465797,0.00423802656486315,0.3097297924555222
data\eval_audio\speech1.wav,101,noise,GAUSSIAN NOISE,0.08,0.08,0.05203518271446228,0.2638470530509949,0.0415005836147109,238.41253240517526,8.782296735110624e-05,0.9995406383325569,0.16644619072111722,0.004484312154661594,0.31749872447781996
data\eval_audio\speech1.wav,101,crop,CROPPING,0.14,0.14,0.05203251168131828,0.263885498046875,0.01414823541575406,237.09582723929728,8.838773010415038e-06,0.9996447491610208,0.05390758796243918,0.005319048112926375,0.3100959411947267
data\eval_audio\speech1.wav,101,lowpass,LOWPASS FILTER,0.16,0.16,0.052032630890607834,0.2638232409954071,0.015652845835929442,237.05053016060413,5.365118282991849e-06,0.9996482791417254,0.003771127171476712,0.004237841602011782,0.30852296427062603
data\eval_audio\speech1.wav,101,resample,RESAMPLING,0.12,0.12,0.0520327091217041,0.26379281282424927,0.016749334080650383,237.0848982049488,8.163253983651967e-06,0.9996453564356581,0.008662276822016644,0.0042379604820507255,0.3093036467468878
data\eval_audio\speech1.wav,101,gain,AMPLITUDE SCALING,0.04,0.04,0.05459694564342499,0.27689000964164734,0.0142897177699116,237.0983782229855,8.847214520539289e-06,0.9996446727110222,0.05403075679395253,0.0042380263868692656,0.3097297924556195
data\eval_audio\speech1.wav,101,compression,COMPRESSION,0.11,0.11,0.05299306660890579,0.25,0.0142897177699116,371.1420084941049,0.00534566550435507,0.9863802423341954,0.5291617842742262,0.0,0.3793596290944432
data\eval_audio\speech1.wav,101,unknown,UNKNOWN MODIFICATION,0.09,0.09,0.05028919503092766,0.2955090403556824,0.0142897177699116,226.19089664350184,8.191488100304925e-06,0.9996078630138521,0.055474767820879914,0.0004756071968790768,0.3177593435718403
data\eval_audio\speech2.wav,101,clean,PROTECTED DERIVATIVE,0.035,0.035,0.015905234962701797,0.1942291259765625,0.016113305684239257,501.0047292139759,1.6439759177246356e-05,0.997302542400146,0.02028240694463858,10.281626572088364,0.25156413538177275
data\eval_audio\speech2.wav,101,noise,GAUSSIAN NOISE,0.08,0.08,0.015915362164378166,0.1939278542995453,0.33057297313690853,514.7450546781378,0.0008626953658410349,0.9961950663693401,0.403622506940686,10.27281385002512,0.3039229484530073
data\eval_audio\speech2.wav,101,crop,CROPPING,0.14,0.14,0.01564345695078373,0.1942291259765625,0.015993509792176872,497.57431266071245,1.7119614414217356e-05,0.9973751911803084,0.02138287245380954,9.517466125505852,0.24896993520102073
data\eval_audio\speech2.wav,101,lowpass,LOWPASS FILTER,0.16,0.16,0.01590510457754135,0.19415539503097534,0.10702474012631642,500.88997109797975,8.620556575391676e-06,0.9973185875016642,0.0007019948101850546,10.281762936035502,0.2510493260963059
data\eval_audio\speech2.wav,101,resample,RESAMPLING,0.12,0.12,0.015905234962701797,0.19422589242458344,0.21950095154331986,501.0042285744603,1.6413137564902625e-05,0.997302568959038,0.00308762691021453,10.281626946623094,0.25144188563616177
data\eval_audio\speech2.wav,101,gain,AMPLITUDE SCALING,0.04,0.04,0.01573205180466175,0.19211424887180328,0.016113305684239257,501.004729213976,1.6439759177246363e-05,0.9973025424001462,0.020282406945712983,10.281627265298933,0.25156413538170075
data\eval_audio\speech2.wav,101,compression,COMPRESSION,0.11,0.11,0.016989510506391525,0.1875,0.016113305684239257,1079.743800238318,0.025318663378400354,0.9364372661029114,0.6221018779696244,10.303965683732832,0.40754975647642105
data\eval_audio\speech2.wav,101,unknown,UNKNOWN MODIFICATION,0.09,0.09,0.008822841569781303,0.10743796825408936,0.016113305684239257,508.09799033438753,1.5794602221701413e-05,0.9977726639448518,0.021824837937928502,2.943269270873976,0.2547371138864993
data\eval_audio\speech3.wav,101,clean,PROTECTED DERIVATIVE,0.035,0.035,0.019235923886299133,0.125091552734375,0.014950741607937147,405.56199707093697,1.248968151896711e-07,0.9998256378323473,0.009849967627229526,3.107878011340563,0.17868522837884634
data\eval_audio\speech3.wav,101,noise,GAUSSIAN NOISE,0.08,0.08,0.019244253635406494,0.12509900331497192,0.24023493358196982,415.05006757306563,0.0005790029742247331,0.9990676116357734,0.2790347008820195,3.1053806205809695,0.22842204761855403
data\eval_audio\speech3.wav,101,crop,CROPPING,0.14,0.14,0.01897117681801319,0.125091552734375,0.01465544702252377,401.8106789618248,3.9592742824696475e-07,0.9998358389199511,0.010550217110526625,3.039155558590177,0.17867909943492066
data\eval_audio\speech3.wav,101,lowpass,LOWPASS FILTER,0.16,0.16,0.019235923886299133,0.12508712708950043,0.05800097191446223,405.5611861448956,7.496617683425404e-08,0.999825689052684,0.001212177936704486,3.107878011340563,0.17845582062930726
data\eval_audio\speech3.wav,101,resample,RESAMPLING,0.12,0.12,0.019235923886299133,0.125086709856987,0.12502121703221966,405.56136698810974,8.87722111221478e-08,0.999825673951234,0.0006593236776514624,3.1078783349352097,0.17848956905056038
data\eval_audio\speech3.wav,101,gain,AMPLITUDE SCALING,0.04,0.04,0.019412202760577202,0.1262378990650177,0.014950741607937147,405.5619970709369,1.2489681518967124e-07,0.9998256378323472,0.009849967626792735,3.1078777943224503,0.17868522837887327
data\eval_audio\speech3.wav,101,compression,COMPRESSION,0.11,0.11,0.01967911422252655,0.125,0.014950741607937147,626.6204131831258,0.010408248012031924,0.9763847709985553,0.551730579808931,3.048974028585196,0.3293575585936396
data\eval_audio\speech3.wav,101,unknown,UNKNOWN MODIFICATION,0.09,0.09,0.015605650842189789,0.11132773011922836,0.014950741607937147,392.4206315146558,1.3651323166137719e-07,0.9998415665685455,0.010646422939993513,1.0035635594361205,0.18239106979318984
data\eval_audio\speech4.wav,101,clean,PROTECTED DERIVATIVE,0.035,0.035,0.006305443588644266,0.115386962890625,0.08045050038922497,2317.343666687517,0.14284224670572612,0.8435221713936429,0.1660188806765485,4.905118127791452,0.5567081067149807
data\eval_audio\speech4.wav,101,noise,GAUSSIAN NOISE,0.08,0.08,0.0063333152793347836,0.11552241444587708,0.3088745294780383,2389.901664521998,0.1471404452786782,0.837739186084455,0.620916420242262,4.875607782980635,0.5072983115522638
data\eval_audio\speech4.wav,101,crop,CROPPING,0.14,0.14,0.006058939266949892,0.115386962890625,0.07716660229612717,2085.3404547442583,0.12097447197225258,0.8659641471102105,0.16225302404241596,1.3106907736127233,0.5665629195059044
data\eval_audio\speech4.wav,101,lowpass,LOWPASS FILTER,0.16,0.16,0.006178796757012606,0.10702962428331375,0.1336492492660758,1901.5851350448147,0.10743435365079247,0.8783922692349454,0.023090669162526726,4.524056090993667,0.5578918550242054
data\eval_audio\speech4.wav,101,resample,RESAMPLING,0.12,0.12,0.006263165269047022,0.10889551043510437,0.1427425051679871,2126.143791543663,0.13127404687311567,0.8549063046121688,0.0269833209057233,4.777060122434091,0.5573372233153354
data\eval_audio\speech4.wav,101,gain,AMPLITUDE SCALING,0.04,0.04,0.006250289268791676,0.11437766253948212,0.08045050038922497,2317.343666687517,0.14284224670572615,0.843522171393643,0.1660188806774969,4.9051178805017415,0.5567081067147324
data\eval_audio\speech4.wav,101,compression,COMPRESSION,0.11,0.11,0.006335706450045109,0.125,0.08045050038922497,2985.400279155162,0.17548175678521527,0.7887526311286774,0.7637460356735543,5.420282946381564,0.6399428804758596
data\eval_audio\speech4.wav,101,unknown,UNKNOWN MODIFICATION,0.09,0.09,0.005265053361654282,0.11168800294399261,0.08045050038922497,2116.7725467200244,0.12402205146698712,0.8636113250501287,0.1671063834068448,1.62107177973173,0.5674372459855849
data\eval_audio\speech5.wav,101,clean,PROTECTED DERIVATIVE,0.035,0.035,0.02923247590661049,0.1705474853515625,0.021675861475419913,460.3467702240773,1.4068187386522682e-07,0.9998686376004093,0.008061114363843812,0.554890894413362,0.2636850735352622
data\eval_audio\speech5.wav,101,noise,GAUSSIAN NOISE,0.08,0.08,0.029238741844892502,0.17159809172153473,0.12896970718881237,464.437221331067,0.0002510458899947146,0.9995399148777133,0.17894860929334858,0.5554491797017599,0.28328614474910846
data\eval_audio\speech5.wav,101,crop,CROPPING,0.14,0.14,0.02918027527630329,0.1705474853515625,0.021524810175939636,459.83956908185587,1.4288179639711713e-07,0.999872357242327,0.008092741600198477,0.5876389617593325,0.2648711331948574
data\eval_audio\speech5.wav,101,lowpass,LOWPASS FILTER,0.16,0.16,0.02923247590661049,0.17054888606071472,0.047614531135010005,460.34621956366874,1.0627515124422122e-07,0.9998686736352592,0.0008661320243659417,0.5548908939851288,0.26356616593115784
data\eval_audio\speech5.wav,101,resample,RESAMPLING,0.12,0.12,0.029232477769255638,0.17054913938045502,0.04824859531073536,460.3463231813551,1.1423243658973322e-07,0.999868664048629,0.00020586217739932682,0.5548908940533543,0.26357409989622443
data\eval_audio\speech5.wav,101,gain,AMPLITUDE SCALING,0.04,0.04,0.027645891532301903,0.16129107773303986,0.021675861475419913,460.34677022407715,1.4068187386522685e-07,0.999868637600409,0.008061114365445661,0.5548909216716296,0.2636850735351249
data\eval_audio\speech5.wav,101,compression,COMPRESSION,0.11,0.11,0.031081221997737885,0.1666666716337204,0.021675861475419913,870.9905292433706,0.017675096743490114,0.9556222377214615,0.6123553881706992,0.694324408798574,0.3910445545400691
data\eval_audio\speech5.wav,101,unknown,UNKNOWN MODIFICATION,0.09,0.09,0.023819169029593468,0.15248286724090576,0.021677617885878988,442.69143245702054,1.2906223726585734e-07,0.9999028291733666,0.008063609214577295,0.1968019654193252,0.2577053386788568
data\sample_audio\channel_test.wav,101,clean,PROTECTED DERIVATIVE,0.035,0.035,0.05608765035867691,1.0002334117889404,0.0794382998279123,324.30295579583145,0.0019757700252394537,0.976556055328223,0.21876040786732623,0.000494376062312631,0.5010948794493644
data\sample_audio\channel_test.wav,101,noise,GAUSSIAN NOISE,0.08,0.08,0.056090615689754486,1.0012131929397583,0.1130046660102709,325.2602943922678,0.002031707090819932,0.9764784923515798,0.343232956559974,0.0006953041398531042,0.49683447462314667
data\sample_audio\channel_test.wav,101,crop,CROPPING,0.14,0.14,0.05608765035867691,1.0002334117889404,0.0786266586449669,324.3524115712797,0.0019760584231198123,0.9765528778157037,0.21879195862240972,0.00040773866224880223,0.5019695945554545
data\sample_audio\channel_test.wav,101,lowpass,LOWPASS FILTER,0.16,0.16,0.056012313812971115,1.001380205154419,0.05527560592040975,305.4614006909824,0.0006166997196032727,0.9787461998705715,0.0048129430400012324,0.0004943718548359571,0.4978538938011611
data\sample_audio\channel_test.wav,101,resample,RESAMPLING,0.12,0.12,0.056085579097270966,1.0007463693618774,0.07244484360773888,323.3643929041047,0.0019142409879084438,0.976616260831364,0.006262409250056909,0.0004938198843854464,0.5004169728910742
data\sample_audio\channel_test.wav,101,gain,AMPLITUDE SCALING,0.04,0.04,0.05830061435699463,1.0396980047225952,0.0794382998279123,324.30295579583145,0.0019757700252394533,0.9765560553282233,0.21876040786646603,0.0004943760611510152,0.5010948794494721
data\sample_audio\channel_test.wav,101,compression,COMPRESSION,0.11,0.11,0.056919410824775696,0.875,0.0794382998279123,506.9889385625892,0.01148489142894143,0.9606784057980364,0.674335068559136,0.0,0.5064169826931277
data\sample_audio\channel_test.wav,101,unknown,UNKNOWN MODIFICATION,0.09,0.09,0.061496566981077194,0.9072778820991516,0.07943953520261998,294.2503267632232,0.0017400348711794878,0.9831755485448223,0.21297033906040716,0.0014324169452633567,0.5011790878252733
data\sample_audio\e2e_watermarked.wav,101,clean,PROTECTED DERIVATIVE,0.035,0.035,0.056086670607328415,1.0,0.06886843382900684,324.2816313652971,0.001975642977955619,0.9765594051042056,0.21929212204019075,0.0004943441605590255,0.5010862283226152
data\sample_audio\e2e_watermarked.wav,101,noise,GAUSSIAN NOISE,0.08,0.08,0.05608963593840599,1.0009797811508179,0.11300713675968627,325.23895681520946,0.0020315811697113194,0.9764818372854364,0.34325159087238316,0.0006952043583004916,0.4968300085693515
data\sample_audio\e2e_watermarked.wav,101,crop,CROPPING,0.14,0.14,0.056086666882038116,1.0,0.06832857508175093,324.3310831032216,0.001975931348365333,0.9765562280542951,0.2193243348299447,0.00040780165565065525,0.5019618029458943
data\sample_audio\e2e_watermarked.wav,101,lowpass,LOWPASS FILTER,0.16,0.16,0.056011345237493515,1.0012816190719604,0.055602980217944804,305.4415447311219,0.0006166538832045178,0.9787493573158256,0.004851738447633065,0.0004943147187133247,0.49785045740974576
data\sample_audio\e2e_watermarked.wav,101,resample,RESAMPLING,0.12,0.12,0.05608459934592247,1.0005890130996704,0.07479452630174521,323.3430045319221,0.0019141113555602508,0.9766196133354839,0.006300892146982768,0.0004937744616386379,0.5004120164657532
data\sample_audio\e2e_watermarked.wav,101,gain,AMPLITUDE SCALING,0.04,0.04,0.05829959735274315,1.0394554138183594,0.06886843382900684,324.2816313652972,0.0019756429779556194,0.9765594051042057,0.21929212203934048,0.0004943442271882069,0.5010862283227226
data\sample_audio\e2e_watermarked.wav,101,compression,COMPRESSION,0.11,0.11,0.05691614747047424,0.875,0.06886843382900684,506.90494852186987,0.011473773237522397,0.9606834647310873,0.6742609045792233,0.0,0.5064054531364836
data\sample_audio\e2e_watermarked.wav,101,unknown,UNKNOWN MODIFICATION,0.09,0.09,0.06149545684456825,0.9072778820991516,0.06886966920371453,294.2317534543806,0.0017398738314774803,0.9831782967005087,0.21346586886662722,0.0014309245215336172,0.501173686647812
data\sample_audio\ecc_recovery.wav,101,clean,PROTECTED DERIVATIVE,0.035,0.035,0.056087788194417953,1.0,0.06935764221324792,324.3563521213205,0.001975649000690756,0.9765485621481822,0.2192133038936693,0.0004943245498511959,0.501157876266767
data\sample_audio\ecc_recovery.wav,101,noise,GAUSSIAN NOISE,0.08,0.08,0.056090742349624634,1.0008882284164429,0.1119768342534816,325.31343131693404,0.0020315861101024603,0.9764710405217721,0.3432202830020775,0.0006951768323185315,0.49688154693093717
data\sample_audio\ecc_recovery.wav,101,crop,CROPPING,0.14,0.14,0.056087788194417953,1.0,0.06881778346599199,324.40581292270815,0.0019759373504045492,0.9765453843914631,0.21924584251254192,0.0004077854781157575,0.501970152979803
data\sample_audio\ecc_recovery.wav,101,lowpass,LOWPASS FILTER,0.16,0.16,0.05601244792342186,1.0009099245071411,0.05776982745521458,305.51429010826615,0.0006166546502545865,0.9787388169419214,0.0048506313429978985,0.000494295234810364,0.49793187500474456
data\sample_audio\ecc_recovery.wav,101,resample,RESAMPLING,0.12,0.12,0.05608570948243141,1.000539779663086,0.07414966070433654,323.41773254726826,0.0019141172636601635,0.9766087698234862,0.006299832137931591,0.0004937547625730755,0.5004856038897896
data\sample_audio\ecc_recovery.wav,101,gain,AMPLITUDE SCALING,0.04,0.04,0.05830075219273567,1.0394554138183594,0.06935764221324792,324.3563521213206,0.0019756490006907564,0.9765485621481825,0.21921330389281782,0.0004943245617195293,0.5011578762668745
data\sample_audio\ecc_recovery.wav,101,compression,COMPRESSION,0.11,0.11,0.05691656842827797,0.875,0.06935764221324792,507.3339722906309,0.011494227528442346,0.960645441068877,0.6746255666721748,0.0,0.5063458293227697
data\sample_audio\ecc_recovery.wav,101,unknown,UNKNOWN MODIFICATION,0.09,0.09,0.06149641051888466,0.9072778820991516,0.06935887758795559,294.28809125061775,0.0017398886335438248,0.9831706671365235,0.21341502289296577,0.0014308803869555122,0.501214331183684
data\sample_audio\output.wav,101,clean,PROTECTED DERIVATIVE,0.035,0.035,0.05608629807829857,1.0,0.06884313538981134,324.29078163690576,0.0019757703808230102,0.9765583100320077,0.21909269323879868,0.0004897305885655504,0.5010866165664839
data\sample_audio\output.wav,101,noise,GAUSSIAN NOISE,0.08,0.08,0.056089263409376144,1.0009797811508179,0.11298481668472292,325.2481013378276,0.002031708245823341,0.9764807417407849,0.34324871878634355,0.0006907092225239697,0.49682832253722103
data\sample_audio\output.wav,101,crop,CROPPING,0.14,0.14,0.05608630180358887,1.0,0.06744104745233828,324.2907954856285,0.001975765619352476,0.9765583556320684,0.21906576793089041,0.00034320212014659604,0.5011003611674519
data\sample_audio\output.wav,101,lowpass,LOWPASS FILTER,0.16,0.16,0.056059110909700394,1.0007845163345337,0.06280859831971805,316.105489365091,0.0012899915135129725,0.9773480661866124,0.012337301830107854,0.0004891640512940592,0.4990853097918936
data\sample_audio\output.wav,101,resample,RESAMPLING,0.12,0.12,0.05608624964952469,1.0003210306167603,0.08744087450757065,324.26189314152987,0.001974261271911575,0.9765597866798003,0.07071942826474,0.0004895247697414932,0.5010619478667845
data\sample_audio\output.wav,101,gain,AMPLITUDE SCALING,0.04,0.04,0.05463383346796036,0.9741030335426331,0.06884313538981134,324.29078163690576,0.001975770380823011,0.9765583100320078,0.2190926932393975,0.0004897305721641902,0.5010866165664084
data\sample_audio\output.wav,101,compression,COMPRESSION,0.11,0.11,0.05573070049285889,0.6875,0.06884313538981134,409.80488558887873,0.006280805176549271,0.969187500128278,0.6141493383077016,0.0,0.4940795710835222
data\sample_audio\output.wav,101,unknown,UNKNOWN MODIFICATION,0.09,0.09,0.058700356632471085,0.8765244483947754,0.06884437070958002,293.1033756334576,0.0017316816516092922,0.9840813624933966,0.21172817549820158,0.0016670407434478908,0.5011780209036875
data\sample_audio\real_pipeline.wav,101,clean,PROTECTED DERIVATIVE,0.035,0.035,0.05608665570616722,1.0,0.06925139998838747,324.27569741738796,0.001975653506930801,0.9765600391751892,0.21927893204296417,0.0004943444452994555,0.5010866275644089
data\sample_audio\real_pipeline.wav,101,noise,GAUSSIAN NOISE,0.08,0.08,0.0560896210372448,1.0009797811508179,0.1130046660102709,325.23299962731596,0.0020315902790613146,0.9764824718813149,0.3432516513346255,0.000695204758694495,0.4968303873434557
data\sample_audio\real_pipeline.wav,101,crop,CROPPING,0.14,0.14,0.05608665570616722,1.0,0.06871154124113156,324.3251487542815,0.0019759418844186956,0.9765568621076788,0.2193109350756827,0.00040780183181962453,0.5019616353540876
data\sample_audio\real_pipeline.wav,101,lowpass,LOWPASS FILTER,0.16,0.16,0.05601133033633232,1.0012835264205933,0.05501247110767402,305.4357867988684,0.0006166564327981688,0.9787499569390252,0.004851772388903058,0.0004943148971444419,0.49785074916331146
data\sample_audio\real_pipeline.wav,101,resample,RESAMPLING,0.12,0.12,0.056084588170051575,1.0006067752838135,0.07384081702741667,323.33706560814255,0.0019141214374597522,0.9766202478836558,0.0063008322544156215,0.0004937746377356244,0.5004124750286392
data\sample_audio\real_pipeline.wav,101,gain,AMPLITUDE SCALING,0.04,0.04,0.058299582451581955,1.0394554138183594,0.06925139998838747,324.2756974173879,0.001975653506930801,0.9765600391751894,0.21927893204211357,0.0004943444577808725,0.5010866275645167
data\sample_audio\real_pipeline.wav,101,compression,COMPRESSION,0.11,0.11,0.05691622942686081,0.875,0.06925139998838747,506.952905410192,0.01147689843369841,0.9606787600858747,0.6743644102924394,0.0,0.5064273075969403
data\sample_audio\real_pipeline.wav,101,unknown,UNKNOWN MODIFICATION,0.09,0.09,0.06149544194340706,0.9072778820991516,0.06925263536309516,294.2285783857803,0.0017398798679271652,0.9831786453469267,0.21345741039367855,0.0014309254642436238,0.5011740148988578
data\sample_audio\reconstructed.wav,101,clean,PROTECTED DERIVATIVE,0.035,0.035,0.05608667433261871,1.0,0.06886843382900684,324.2815458356652,0.0019756424274818612,0.9765594113757559,0.21929293483322612,0.0004943440537814488,0.5010860211151504
data\sample_audio\reconstructed.wav,101,noise,GAUSSIAN NOISE,0.08,0.08,0.05608964338898659,1.0009797811508179,0.11300960750910162,325.23887746226717,0.0020315810266173058,0.9764818432583017,0.3432519921255237,0.000695204258202063,0.49682984953505904
data\sample_audio\reconstructed.wav,101,crop,CROPPING,0.14,0.14,0.05608667433261871,1.0,0.06832857508175093,324.3309975871127,0.0019759307978346307,0.9765562343248866,0.21932501791915082,0.0004078015675662277,0.5019617037195694
data\sample_audio\reconstructed.wav,101,lowpass,LOWPASS FILTER,0.16,0.16,0.056011348962783813,1.0012816190719604,0.055602980217944804,305.4414641931414,0.0006166537116425508,0.9787493629917119,0.004851732860587775,0.0004943146116547162,0.49785029719779633
data\sample_audio\reconstructed.wav,101,resample,RESAMPLING,0.12,0.12,0.05608460307121277,1.0005890130996704,0.07479452630174521,323.34291906692613,0.0019141108127244519,0.9766196195999138,0.0063009652681888725,0.0004937743549504696,0.5004118311536887
data\sample_audio\reconstructed.wav,101,gain,AMPLITUDE SCALING,0.04,0.04,0.05829960107803345,1.0394554138183594,0.06886843382900684,324.2815458356652,0.0019756424274818612,0.976559411375756,0.21929293483237583,0.0004943441283628447,0.5010860211152584
data\sample_audio\reconstructed.wav,101,compression,COMPRESSION,0.11,0.11,0.05691614747047424,0.875,0.06886843382900684,506.90494852186987,0.011473773237522397,0.9606834647310873,0.6742609045792233,0.0,0.5064054531364836
data\sample_audio\reconstructed.wav,101,unknown,UNKNOWN MODIFICATION,0.09,0.09,0.06149546056985855,0.9072778820991516,0.06886966920371453,294.23173398999387,0.0017398737090617306,0.9831782978272209,0.21346621321610232,0.0014309245215336172,0.5011736275679171
data\sample_audio\speech.wav,101,clean,PROTECTED DERIVATIVE,0.035,0.035,0.05608630180358887,1.0,0.06884313538981134,324.2905246929313,0.001975776284987344,0.9765583435255921,0.21877010376567302,0.0004895396703934521,0.501093006407424
data\sample_audio\speech.wav,101,noise,GAUSSIAN NOISE,0.08,0.08,0.05608926713466644,1.0009797811508179,0.11297246348703593,325.24787249379625,0.002031715241174147,0.976480773709383,0.34324170816589733,0.0006906017573383508,0.49682811207136524
data\sample_audio\speech.wav,101,crop,CROPPING,0.14,0.14,0.05608630180358887,1.0,0.06744104745233828,324.29053922314444,0.001975771565550891,0.9765583890788108,0.21874766953052024,0.0003434048102346305,0.5011055611893165
data\sample_audio\speech.wav,101,lowpass,LOWPASS FILTER,0.16,0.16,0.05605911463499069,1.0007840394973755,0.06122244773670889,316.1053157934974,0.001290000439917779,0.9773480965232093,0.01230451579347599,0.0004889930374044959,0.4990882255378561
data\sample_audio\speech.wav,101,resample,RESAMPLING,0.12,0.12,0.05608625337481499,1.0003193616867065,0.08208452799049298,324.2616787540591,0.0019742692825520524,0.9765598181122362,0.07073035067823534,0.0004893398254791238,0.501067415025906
data\sample_audio\speech.wav,101,gain,AMPLITUDE SCALING,0.04,0.04,0.054633837193250656,0.9741030335426331,0.06884313538981134,324.2905246929313,0.001975776284987344,0.9765583435255921,0.21877010376627545,0.0004895396483338515,0.5010930064073488
data\sample_audio\speech.wav,101,compression,COMPRESSION,0.11,0.11,0.055730484426021576,0.6875,0.06884313538981134,409.85580325463843,0.0062829898133255025,0.9691826699875449,0.6142002899157589,0.0,0.4940651087246809
data\sample_audio\speech.wav,101,unknown,UNKNOWN MODIFICATION,0.09,0.09,0.058700352907180786,0.8765244483947754,0.06884437070958002,293.10333072521496,0.0017317061231511563,0.9840813731420827,0.2114391930054578,0.001668015137151494,0.5011831158777605
data\sample_audio\temp.wav,101,clean,PROTECTED DERIVATIVE,0.035,0.035,0.056087739765644073,1.0,0.06868312762285493,324.36594745541476,0.0019756421966795577,0.9765469375787487,0.2192223162249179,0.0004943253328260425,0.5011412751210738
data\sample_audio\temp.wav,101,noise,GAUSSIAN NOISE,0.08,0.08,0.05609070509672165,1.0009797811508179,0.11239933240350797,325.3233287351195,0.0020315802744818056,0.9764693880543258,0.34321645627955294,0.0006951778332251397,0.49687772252685275
data\sample_audio\temp.wav,101,crop,CROPPING,0.14,0.14,0.056087739765644073,1.0,0.068143268875599,324.41540935586414,0.0019759305482651094,0.9765437601633059,0.21925293578834795,0.0004077860946588962,0.501988781032655
data\sample_audio\temp.wav,101,lowpass,LOWPASS FILTER,0.16,0.16,0.05601239949464798,1.0009790658950806,0.057023661131776184,305.523610790184,0.000616650631666848,0.978737242341646,0.004850695754961569,0.0004942960912133856,0.49791376130601794
data\sample_audio\temp.wav,101,resample,RESAMPLING,0.12,0.12,0.05608566850423813,1.0005290508270264,0.0733763161373292,323.42730545495886,0.0019141090251906837,0.976607146557071,0.006299945466978897,0.0004937556165398678,0.5004688759730063
data\sample_audio\temp.wav,101,gain,AMPLITUDE SCALING,0.04,0.04,0.05830070748925209,1.0394554138183594,0.06868312762285493,324.3659474554148,0.0019756421966795577,0.9765469375787487,0.21922231622406668,0.000494325352260949,0.5011412751211815
data\sample_audio\temp.wav,101,compression,COMPRESSION,0.11,0.11,0.05692102015018463,0.875,0.06868312762285493,507.1583175729883,0.01148333441312594,0.9606632128670549,0.6745718282511071,0.0,0.5063127585677604
data\sample_audio\temp.wav,101,unknown,UNKNOWN MODIFICATION,0.09,0.09,0.061496347188949585,0.9072778820991516,0.0686843629975626,294.29972315695727,0.0017398871872694645,0.9831682331214657,0.21342105684684354,0.0014308834720025644,0.5012148667269496
data\sample_audio\watermarked.wav,101,clean,PROTECTED DERIVATIVE,0.035,0.035,0.05608667433261871,1.0,0.0689672638056212,324.28154598792327,0.00197564243392287,0.9765594113716752,0.21929352731112453,0.0004943440537814488,0.5010859847445132
data\sample_audio\watermarked.wav,101,noise,GAUSSIAN NOISE,0.08,0.08,0.05608964338898659,1.0009797811508179,0.1130170197573477,325.23887974959393,0.0020315812504075764,0.9764818430826278,0.34325217669090224,0.000695204258202063,0.4968299780885307
data\sample_audio\watermarked.wav,101,crop,CROPPING,0.14,0.14,0.05608667433261871,1.0,0.06842740505836528,324.33099773936,0.00197593080427665,0.9765562343208074,0.21932549711995664,0.0004078015675662277,0.5019616776682978
data\sample_audio\watermarked.wav,101,lowpass,LOWPASS FILTER,0.16,0.16,0.056011348962783813,1.0012816190719604,0.05531884403517853,305.44146424896513,0.0006166537114477587,0.9787493629942979,0.0048517350295151675,0.0004943146116547162,0.49785030637852595
data\sample_audio\watermarked.wav,101,resample,RESAMPLING,0.12,0.12,0.05608460307121277,1.0005890130996704,0.07428555192218128,323.3429191456473,0.0019141108147206045,0.9766196196001825,0.006301070856016724,0.0004937743577701964,0.5004118350204149
data\sample_audio\watermarked.wav,101,gain,AMPLITUDE SCALING,0.04,0.04,0.05829960107803345,1.0394554138183594,0.0689672638056212,324.28154598792327,0.00197564243392287,0.9765594113716749,0.21929352731027424,0.0004943441283628447,0.501085984744621
data\sample_audio\watermarked.wav,101,compression,COMPRESSION,0.11,0.11,0.05691614747047424,0.875,0.0689672638056212,506.90494852186987,0.011473773237522397,0.9606834647310873,0.6742609045792233,0.0,0.5064054531364836
data\sample_audio\watermarked.wav,101,unknown,UNKNOWN MODIFICATION,0.09,0.09,0.06149546056985855,0.9072778820991516,0.06896849918032888,294.23173402472213,0.0017398737104688813,0.9831782978259417,0.21346644690121747,0.0014309245215336172,0.5011736097794288
input_audio\protected.wav,101,clean,PROTECTED DERIVATIVE,0.035,0.035,0.05613655969500542,1.006135106086731,0.09257033297054496,329.4498275403848,0.001972779458605283,0.9757621031509145,0.21735119943926043,0.000493465947264051,0.4973521041949244
input_audio\protected.wav,101,noise,GAUSSIAN NOISE,0.08,0.08,0.0561395101249218,1.0062538385391235,0.1152481064794168,330.40341608930004,0.0020286349884389905,0.9756849305427069,0.3407508620174562,0.0006939696386672656,0.49384600489768155
input_audio\protected.wav,101,crop,CROPPING,0.14,0.14,0.05613655969500542,1.006135106086731,0.09182540202181425,329.499961037876,0.0019730669550945532,0.9757588215301436,0.21738285982358863,0.000407077187855865,0.49814552434159753
input_audio\protected.wav,101,lowpass,LOWPASS FILTER,0.16,0.16,0.056060247123241425,1.005165696144104,0.07319224530588496,310.4494861052534,0.0006157768686959813,0.9779775931550503,0.004791691839187843,0.0004934526541355718,0.4940988536737702
input_audio\protected.wav,101,resample,RESAMPLING,0.12,0.12,0.05613448843359947,1.0047968626022339,0.08939171384768571,328.51287318399045,0.0019113363527262527,0.9758221755113947,0.006242063933378053,0.0004928970880071464,0.4966631163622696
input_audio\protected.wav,101,gain,AMPLITUDE SCALING,0.04,0.04,0.05835145339369774,1.045832633972168,0.09257033297054496,329.4498275403848,0.001972779458605283,0.9757621031509144,0.21735119943841552,0.0004934659479886618,0.49735210419502474
input_audio\protected.wav,101,compression,COMPRESSION,0.11,0.11,0.05698169022798538,0.875,0.09257033297054496,518.5260064551536,0.01194619954394487,0.9592718837274307,0.6837656232685154,0.0,0.5054608371669398
input_audio\protected.wav,101,unknown,UNKNOWN MODIFICATION,0.09,0.09,0.06153562664985657,0.9072778820991516,0.09257156834525264,297.99445243924595,0.0017380511383942882,0.982596491817219,0.21246175604560252,0.0014290571404668815,0.4979841372752857
input_audio\speech.wav,101,clean,PROTECTED DERIVATIVE,0.035,0.035,0.05610116571187973,1.0,0.07862542327025922,325.78011888551896,0.0019748556414866322,0.9763333059091387,0.21867640529450333,0.0004940888093240553,0.5003106508034596
input_audio\speech.wav,101,noise,GAUSSIAN NOISE,0.08,0.08,0.05610411986708641,1.0009797811508179,0.11211519622074169,326.7362037936657,0.002030769394837331,0.9762559084157465,0.3425308852577315,0.0006948454405322239,0.49632189418886735
input_audio\speech.wav,101,crop,CROPPING,0.14,0.14,0.05610116571187973,1.0,0.07808556452300329,325.82976890065777,0.0019751437703731775,0.9763301013483876,0.21870726754458206,0.0004075910077967844,0.5010477612820434
input_audio\speech.wav,101,lowpass,LOWPASS FILTER,0.16,0.16,0.05602555721998215,1.0016945600509644,0.06724515146311603,306.8941972939328,0.0006164125922113622,0.9785305527688558,0.00483159181470544,0.0004940639719117973,0.49710763870463087
input_audio\speech.wav,101,resample,RESAMPLING,0.12,0.12,0.05609909072518349,1.0011204481124878,0.08352862548503899,324.8419522226581,0.0019133479946673022,0.9763934766986664,0.006282700552056227,0.000493519384488054,0.49964165762698826
input_audio\speech.wav,101,gain,AMPLITUDE SCALING,0.04,0.04,0.05831465870141983,1.0394554138183594,0.07862542327025922,325.7801188855189,0.0019748556414866322,0.9763333059091388,0.21867640529365373,0.0004940888626163885,0.5003106508035644
input_audio\speech.wav,101,compression,COMPRESSION,0.11,0.11,0.05694106966257095,0.875,0.07862542327025922,510.3570099663224,0.011611268500599332,0.9602356717492622,0.6776004702827159,0.0,0.5062372339317297
input_audio\speech.wav,101,unknown,UNKNOWN MODIFICATION,0.09,0.09,0.061507198959589005,0.9072778820991516,0.0786266586449669,295.32277282762044,0.0017393789386717427,0.9830137170760829,0.21320354536640995,0.0014303785583854758,0.5004833364102972
input_audio\tampered.wav,101,clean,PROTECTED DERIVATIVE,0.035,0.035,0.05501210689544678,0.9861162900924683,0.09231584578076299,329.2871909039747,0.0019728822929420036,0.9757802590966743,0.21736978540442572,0.0004934967838089938,0.49747059906482277
input_audio\tampered.wav,101,noise,GAUSSIAN NOISE,0.08,0.08,0.05501509830355644,0.9862349629402161,0.115717548868335,330.27824986345433,0.0020310590077630528,0.9757005300390368,0.34274627708663247,0.0007023539635132209,0.4938688637357612
input_audio\tampered.wav,101,crop,CROPPING,0.14,0.14,0.055012110620737076,0.9861162900924683,0.09157091483203228,329.3373035110691,0.0019731698446014867,0.9757769872614745,0.21740282116756307,0.00040710256709102876,0.49821138962782474
input_audio\tampered.wav,101,lowpass,LOWPASS FILTER,0.16,0.16,0.05493736267089844,0.9861832857131958,0.07289081387721116,310.2942947530749,0.0006158081625331614,0.9779945703396687,0.004792084413400771,0.0004934828937410657,0.49422505532828936
input_audio\tampered.wav,101,resample,RESAMPLING,0.12,0.12,0.055010076612234116,0.9856151342391968,0.08920146614270308,328.35017764880365,0.001911435987587489,0.9758403357092632,0.006242316409797076,0.0004929280308431475,0.49678322054022356
input_audio\tampered.wav,101,gain,AMPLITUDE SCALING,0.04,0.04,0.057182636111974716,1.0250239372253418,0.09231584578076299,329.2871909039747,0.0019728822929420036,0.9757802590966741,0.2173697854035636,0.0004934967814350964,0.4974705990649252
input_audio\tampered.wav,101,compression,COMPRESSION,0.11,0.11,0.05591811612248421,0.875,0.09231584578076299,521.3435040635927,0.012122870448520786,0.9590448393722099,0.6852514557285027,0.0,0.506094771851453
input_audio\tampered.wav,101,unknown,UNKNOWN MODIFICATION,0.09,0.09,0.060303375124931335,0.8891323804855347,0.09231708115547067,297.8664239526501,0.0017381243718368768,0.9826141383534238,0.21247396556736492,0.0014291302672332462,0.49799336084518275
data\eval_audio\speech1.wav,1234,clean,PROTECTED DERIVATIVE,0.035,0.035,0.052032727748155594,0.263885498046875,0.0142897177699116,237.0983782229855,8.847214520539289e-06,0.9996446727110221,0.05403075679465797,0.00423802656486315,0.3097297924555222
data\eval_audio\speech1.wav,1234,noise,GAUSSIAN NOISE,0.08,0.08,0.05203421786427498,0.26328232884407043,0.04197400533823806,238.48445336909197,9.206553855429924e-05,0.9995364540437673,0.16910151598603687,0.00444172638289927,0.31763406931287025
data\eval_audio\speech1.wav,1234,crop,CROPPING,0.14,0.14,0.05203251168131828,0.263885498046875,0.014110144012711646,237.09575153592428,8.838728533604638e-06,0.9996447450557813,0.053926416342199475,0.005681371757585695,0.3099025839265266
data\eval_audio\speech1.wav,1234,lowpass,LOWPASS FILTER,0.16,0.16,0.05203268304467201,0.2638266980648041,0.016158917333492954,237.07079906825948,7.142008717713161e-06,0.9996463836634614,0.007561855906740457,0.004237905199803411,0.30896104229132026
data\eval_audio\speech1.wav,1234,resample,RESAMPLING,0.12,0.12,0.05203269422054291,0.2638489603996277,0.01611810511594751,237.07557282598333,7.537226824301193e-06,0.9996459822458121,0.002464666245587525,0.004237919366371584,0.30896920155758795
data\eval_audio\speech1.wav,1234,gain,AMPLITUDE SCALING,0.04,0.04,0.049272406846284866,0.24988645315170288,0.0142897177699116,237.09837822298547,8.84721452053929e-06,0.999644672711022,0.05403075679549949,0.0042380264863529785,0.3097297924554061
data\eval_audio\speech1.wav,1234,compression,COMPRESSION,0.11,0.11,0.052605561912059784,0.25,0.0142897177699116,331.1669494025695,0.004095076890336169,0.990140223408402,0.505203902044205,0.0,0.3724009669539272
data\eval_audio\speech1.wav,1234,unknown,UNKNOWN MODIFICATION,0.09,0.09,0.0454692617058754,0.26344847679138184,0.0142897177699116,227.3076096582716,8.251391943213156e-06,0.9996111403873086,0.05529849918936961,0.0006475653541706055,0.3167672410637832
data\eval_audio\speech2.wav,1234,clean,PROTECTED DERIVATIVE,0.035,0.035,0.015905234962701797,0.1942291259765625,0.016113305684239257,501.0047292139759,1.6439759177246356e-05,0.997302542400146,0.02028240694463858,10.281626572088364,0.25156413538177275
data\eval_audio\speech2.wav,1234,noise,GAUSSIAN NOISE,0.08,0.08,0.015916621312499046,0.19482357800006866,0.330865639050428,515.3951640332463,0.00090687510336072,0.9961483413104921,0.4093154449148435,10.26485450756561,0.30490994796030174
data\eval_audio\speech2.wav,1234,crop,CROPPING,0.14,0.14,0.015427778474986553,0.1942291259765625,0.015897976359266364,497.9978478025374,2.5519447430617232e-05,0.9973972128718719,0.025437622010607397,11.535308392243751,0.24784861139005737
data\eval_audio\speech2.wav,1234,lowpass,LOWPASS FILTER,0.16,0.16,0.015905195847153664,0.19419604539871216,0.04038183045090264,500.96659608856277,1.3406739228829224e-05,0.99730742532176,0.0010734288353656295,10.28167085601676,0.25118787672550563
data\eval_audio\speech2.wav,1234,resample,RESAMPLING,0.12,0.12,0.015905234962701797,0.19423648715019226,0.1861127749429453,501.00368680457467,1.6376605371123707e-05,0.9973026053995405,0.0010126893312116536,10.281627619913127,0.2513620925806613
data\eval_audio\speech2.wav,1234,gain,AMPLITUDE SCALING,0.04,0.04,0.01567676290869713,0.19143910706043243,0.016113305684239257,501.00472921397596,1.643975917724636e-05,0.9973025424001458,0.020282406946060986,10.281626429868481,0.25156413538167754
data\eval_audio\speech2.wav,1234,compression,COMPRESSION,0.11,0.11,0.016581788659095764,0.2083333283662796,0.016113305684239257,888.8521353194006,0.018800615236169407,0.9573966322407584,0.5965483828060274,10.008409950979656,0.3868882990916367
data\eval_audio\speech2.wav,1234,unknown,UNKNOWN MODIFICATION,0.09,0.09,0.010125035420060158,0.11453588306903839,0.016113305684239257,506.049093258392,1.606132628971415e-05,0.9976043937770132,0.021322897702992425,5.278790273210524,0.25316479596668445
data\eval_audio\speech3.wav,1234,clean,PROTECTED DERIVATIVE,0.035,0.035,0.019235923886299133,0.125091552734375,0.014950741607937147,405.56199707093697,1.248968151896711e-07,0.9998256378323473,0.009849967627229526,3.107878011340563,0.17868522837884634
data\eval_audio\speech3.wav,1234,noise,GAUSSIAN NOISE,0.08,0.08,0.019245343282818794,0.12621234357357025,0.24059765763964294,415.474825970105,0.000608053806900452,0.9990314832907684,0.2836562725289396,3.106021347262032,0.22961636256418905
data\eval_audio\speech3.wav,1234,crop,CROPPING,0.14,0.14,0.01904308795928955,0.125091552734375,0.01474612803694205,402.7965455593322,1.3549837634856017e-07,0.9998336349459621,0.009969419426238356,3.0548655098944892,0.17734607815398482
data\eval_audio\speech3.wav,1234,lowpass,LOWPASS FILTER,0.16,0.16,0.019235923886299133,0.1250848025083542,0.04890031831361215,405.56079835114065,5.121307247420132e-08,0.9998257339860482,0.0005896883177918755,3.107877687786988,0.17837753771187584
data\eval_audio\speech3.wav,1234,resample,RESAMPLING,0.12,0.12,0.019235923886299133,0.1250872164964676,0.1339544595295283,405.5614664057699,9.557852280254922e-08,0.9998256671460578,0.0010098514961588668,3.1078783349351826,0.1785223442057789
data\eval_audio\speech3.wav,1234,gain,AMPLITUDE SCALING,0.04,0.04,0.01909671537578106,0.12418626993894577,0.014950741607937147,405.56199707093697,1.248968151896713e-07,0.9998256378323471,0.00984996762758016,3.107877794250786,0.17868522837882472
data\eval_audio\speech3.wav,1234,compression,COMPRESSION,0.11,0.11,0.01967911422252655,0.125,0.014950741607937147,626.6204131831258,0.010408248012031924,0.9763847709985553,0.551730579808931,3.048974028585196,0.3293575585936396
data\eval_audio\speech3.wav,1234,unknown,UNKNOWN MODIFICATION,0.09,0.09,0.013900713995099068,0.10307546705007553,0.014950741607937147,390.2338164985262,1.3892778705628958e-07,0.9998445165768425,0.010786836242643368,0.766604183202012,0.18309498072153385
data\eval_audio\speech4.wav,1234,clean,PROTECTED DERIVATIVE,0.035,0.035,0.006305443588644266,0.115386962890625,0.08045050038922497,2317.343666687517,0.14284224670572612,0.8435221713936429,0.1660188806765485,4.905118127791452,0.5567081067149807
data\eval_audio\speech4.wav,1234,noise,GAUSSIAN NOISE,0.08,0.08,0.006332571618258953,0.11600633710622787,0.3101752813125987,2392.339566318537,0.14721343261607547,0.8375796446573432,0.6267357035399372,4.875718688167646,0.5063875158446929
data\eval_audio\speech4.wav,1234,crop,CROPPING,0.14,0.14,0.006063622888177633,0.115386962890625,0.07750079545977576,2095.422589346532,0.12199150516945945,0.8648527701803206,0.16236653907664672,1.3756237312787891,0.5662666670887427
data\eval_audio\speech4.wav,1234,lowpass,LOWPASS FILTER,0.16,0.16,0.0058174883015453815,0.10088837891817093,0.07163340410757418,862.6586472946474,0.00021388471636144715,0.9908000791853709,0.0017130640591584427,3.3785765870034457,0.5762155900532272
data\eval_audio\speech4.wav,1234,resample,RESAMPLING,0.12,0.12,0.0062634507194161415,0.10986756533384323,0.14862390461686856,2127.1755074876132,0.13135097994145076,0.854830650900667,0.018846338010408095,4.777829543637787,0.5582020953516076
data\eval_audio\speech4.wav,1234,gain,AMPLITUDE SCALING,0.04,0.04,0.006226816680282354,0.11394812166690826,0.08045050038922497,2317.3436666875164,0.14284224670572615,0.8435221713936429,0.16601888067790588,4.905118424159149,0.5567081067146256
data\eval_audio\speech4.wav,1234,compression,COMPRESSION,0.11,0.11,0.006307403091341257,0.125,0.08045050038922497,2832.377132483423,0.14061624605313283,0.8049564370659823,0.7615261284406604,4.813460531761389,0.7617101913017548
data\eval_audio\speech4.wav,1234,unknown,UNKNOWN MODIFICATION,0.09,0.09,0.003721603425219655,0.08201724290847778,0.08045050038922497,2067.9295341113443,0.11946675793949844,0.8684764388475459,0.16657646315231459,1.0246030034821203,0.5654085885405973
data\eval_audio\speech5.wav,1234,clean,PROTECTED DERIVATIVE,0.035,0.035,0.02923247590661049,0.1705474853515625,0.021675861475419913,460.3467702240773,1.4068187386522682e-07,0.9998686376004093,0.008061114363843812,0.554890894413362,0.2636850735352622
data\eval_audio\speech5.wav,1234,noise,GAUSSIAN NOISE,0.08,0.08,0.02923932857811451,0.17101997137069702,0.12919277131711465,464.6109264635632,0.00026375626500564723,0.9995234721364862,0.18222654055467793,0.5548345044105553,0.28373760862606406
data\eval_audio\speech5.wav,1234,crop,CROPPING,0.14,0.14,0.029180709272623062,0.1705474853515625,0.021526566586398708,459.86001996599305,4.050666956053642e-07,0.9998715553862335,0.008594060853414933,0.5875292150100637,0.2649859805368732
data\eval_audio\speech5.wav,1234,lowpass,LOWPASS FILTER,0.16,0.16,0.029232457280158997,0.17055602371692657,0.036573734989277115,460.34178719792686,1.7682471398238245e-08,0.9998693014784108,0.0001604235444303567,0.5548884760875773,0.26346283262292425
data\eval_audio\speech5.wav,1234,resample,RESAMPLING,0.12,0.12,0.029232477769255638,0.17054888606071472,0.04908464668925411,460.3463526070605,1.1641297760044835e-07,0.9998686618685856,0.00022492033210367562,0.5548908573364109,0.26357994566826287
data\eval_audio\speech5.wav,1234,gain,AMPLITUDE SCALING,0.04,0.04,0.029010770842432976,0.16925401985645294,0.021675861475419913,460.34677022407726,1.4068187386522717e-07,0.9998686376004091,0.008061114364057143,0.5548909639635078,0.26368507353524384
data\eval_audio\speech5.wav,1234,compression,COMPRESSION,0.11,0.11,0.030214229598641396,0.15625,0.021675861475419913,762.5839895571988,0.01414432145328894,0.9672392022480454,0.5927661687166693,0.60582115394421,0.3768067266564452
data\eval_audio\speech5.wav,1234,unknown,UNKNOWN MODIFICATION,0.09,0.09,0.02498207986354828,0.16568677127361298,0.021677617885878988,434.2089272251595,1.2369382396530354e-07,0.999919252847903,0.008057102377109602,0.07977552335002702,0.25377242900076197
data\sample_audio\channel_test.wav,1234,clean,PROTECTED DERIVATIVE,0.035,0.035,0.05608765035867691,1.0002334117889404,0.0794382998279123,324.30295579583145,0.0019757700252394537,0.976556055328223,0.21876040786732623,0.000494376062312631,0.5010948794493644
data\sample_audio\channel_test.wav,1234,noise,GAUSSIAN NOISE,0.08,0.08,0.05609220266342163,1.0015196800231934,0.11398061202933768,325.27943274803255,0.0020347728638615416,0.9764796338848303,0.34566709694784636,0.000701792274028272,0.4967326397219039
data\sample_audio\channel_test.wav,1234,crop,CROPPING,0.14,0.14,0.05608765035867691,1.0002334117889404,0.078506827298322,324.30646886225094,0.001975780706141822,0.97655590826181,0.21875451689082837,0.0004064944647612555,0.5015241391978598
data\sample_audio\channel_test.wav,1234,lowpass,LOWPASS FILTER,0.16,0.16,0.056082770228385925,1.0007323026657104,0.06883384333719182,322.41530997041764,0.0018346275840889637,0.9766977330568651,0.025604385702489404,0.0004937817410619595,0.5003512307943987
data\sample_audio\channel_test.wav,1234,resample,RESAMPLING,0.12,0.12,0.05608741566538811,1.0006039142608643,0.07796449780165071,324.1788246201545,0.0019688138263474235,0.9765628618924633,0.03160573551672962,0.0004940678640943766,0.500978036875722
data\sample_audio\channel_test.wav,1234,gain,AMPLITUDE SCALING,0.04,0.04,0.05556749179959297,0.9909572005271912,0.0794382998279123,324.3029557958314,0.001975770025239453,0.9765560553282228,0.21876040786753853,0.0004943760199189016,0.5010948794493376
data\sample_audio\channel_test.wav,1234,compression,COMPRESSION,0.11,0.11,0.05650065839290619,0.875,0.0794382998279123,438.9300604981337,0.008094719418624788,0.9666902220096234,0.6428267933299265,0.0,0.4971655755065106
data\sample_audio\channel_test.wav,1234,unknown,UNKNOWN MODIFICATION,0.09,0.09,0.057532720267772675,0.8516488671302795,0.07943953520261998,293.7569748888209,0.001736252720512931,0.983423932502361,0.2126526392937801,0.0014981762946620614,0.5016587621474431
data\sample_audio\e2e_watermarked.wav,1234,clean,PROTECTED DERIVATIVE,0.035,0.035,0.056086670607328415,1.0,0.06886843382900684,324.2816313652971,0.001975642977955619,0.9765594051042056,0.21929212204019075,0.0004943441605590255,0.5010862283226152
data\sample_audio\e2e_watermarked.wav,1234,noise,GAUSSIAN NOISE,0.08,0.08,0.056091222912073135,1.0014106035232544,0.11404979301296773,325.2581996776093,0.0020346531948040644,0.9764829805625371,0.34569188427924635,0.0007017450235661227,0.4967339313529708
data\sample_audio\e2e_watermarked.wav,1234,crop,CROPPING,0.14,0.14,0.05608667433261871,1.0,0.06826804172107463,324.28514389096676,0.0019756536301332927,0.9765592581296416,0.21928475796005303,0.0004065473832924287,0.5015178238465015
data\sample_audio\e2e_watermarked.wav,1234,lowpass,LOWPASS FILTER,0.16,0.16,0.05608179047703743,1.0005749464035034,0.07277098253056626,322.39398825135476,0.0018345033985439976,0.9767010800011502,0.025694636832162214,0.0004937344261648301,0.5003461680969814
data\sample_audio\e2e_watermarked.wav,1234,resample,RESAMPLING,0.12,0.12,0.05608643591403961,1.0004478693008423,0.08355333297919258,324.15740187936944,0.0019686818337769614,0.9765662165297534,0.03161920181413614,0.0004940283901275461,0.5009712791812491
data\sample_audio\e2e_watermarked.wav,1234,gain,AMPLITUDE SCALING,0.04,0.04,0.05556651949882507,0.9907259345054626,0.06886843382900684,324.2816313652972,0.00197564297795562,0.9765594051042058,0.2192921220404005,0.0004943442347170757,0.5010862283225885
data\sample_audio\e2e_watermarked.wav,1234,compression,COMPRESSION,0.11,0.11,0.056502822786569595,0.875,0.06886843382900684,438.96255585457703,0.008096299058231789,0.9666887682266544,0.6428396942454664,0.0,0.49712410248163763
data\sample_audio\e2e_watermarked.wav,1234,unknown,UNKNOWN MODIFICATION,0.09,0.09,0.057531680911779404,0.8516488671302795,0.06886966920371453,293.738578553644,0.0017360892762629547,0.983426643919168,0.2131471357863252,0.0014967854342434659,0.5016535717268067
data\sample_audio\ecc_recovery.wav,1234,clean,PROTECTED DERIVATIVE,0.035,0.035,0.056087788194417953,1.0,0.06935764221324792,324.3563521213205,0.001975649000690756,0.9765485621481822,0.2192133038936693,0.0004943245498511959,0.501157876266767
data\sample_audio\ecc_recovery.wav,1234,noise,GAUSSIAN NOISE,0.08,0.08,0.05609232932329178,1.0010443925857544,0.11327397769654503,325.33228391474876,0.002034650498694864,0.9764722069753373,0.3456535723576627,0.0007017172401805742,0.49678295717787313
data\sample_audio\ecc_recovery.wav,1234,crop,CROPPING,0.14,0.14,0.056087788194417953,1.0,0.06875725010531569,324.35986467535736,0.0019756596492826236,0.9765484149026882,0.21920601770674247,0.00040653125551464835,0.5015805374326175
data\sample_audio\ecc_recovery.wav,1234,lowpass,LOWPASS FILTER,0.16,0.16,0.05608290806412697,1.0004465579986572,0.07252884908786109,322.4686872379653,0.0018345071831589775,0.9766902389860641,0.02569048797651024,0.0004937147651323105,0.5004200184225689
data\sample_audio\ecc_recovery.wav,1234,resample,RESAMPLING,0.12,0.12,0.05608754977583885,1.0001581907272339,0.08135930749835386,324.2321332364199,0.0019686883419623457,0.9765553730231377,0.03161596836852103,0.0004940087259980865,0.5010433886940252
data\sample_audio\ecc_recovery.wav,1234,gain,AMPLITUDE SCALING,0.04,0.04,0.055567625910043716,0.9907259345054626,0.06935764221324792,324.3563521213205,0.001975649000690755,0.9765485621481822,0.2192133038938794,0.0004943246177456744,0.5011578762667402
data\sample_audio\ecc_recovery.wav,1234,compression,COMPRESSION,0.11,0.11,0.056505460292100906,0.875,0.06935764221324792,439.2300599536555,0.008106478888086155,0.9666533187870121,0.6435184493836582,0.0,0.4972689443023934
data\sample_audio\ecc_recovery.wav,1234,unknown,UNKNOWN MODIFICATION,0.09,0.09,0.05753255635499954,0.8516488671302795,0.06935887758795559,293.7937207059265,0.0017361041836441713,0.9834192099852023,0.21309804824277143,0.0014967401643528094,0.5016727165004161
data\sample_audio\output.wav,1234,clean,PROTECTED DERIVATIVE,0.035,0.035,0.05608629807829857,1.0,0.06884313538981134,324.29078163690576,0.0019757703808230102,0.9765583100320077,0.21909269323879868,0.0004897305885655504,0.5010866165664839
data\sample_audio\output.wav,1234,noise,GAUSSIAN NOISE,0.08,0.08,0.05609085038304329,1.0014106035232544,0.11405830956372212,325.2672752973319,0.0020347749743039687,0.976481889222852,0.3456837938887895,0.0006967496369157741,0.4967318088772086
data\sample_audio\output.wav,1234,crop,CROPPING,0.14,0.14,0.05608629807829857,1.0,0.06748798960354882,324.3253200545604,0.0019759568716476027,0.9765561700080738,0.2191592351014649,0.0003518432118874101,0.5029351389807191
data\sample_audio\output.wav,1234,lowpass,LOWPASS FILTER,0.16,0.16,0.055990174412727356,1.0013391971588135,0.05399088581074654,301.265368525675,0.0004561921711438771,0.9793540231858034,0.005716864538831029,0.0004899787156699742,0.4974893658247358
data\sample_audio\output.wav,1234,resample,RESAMPLING,0.12,0.12,0.05608498677611351,1.0005384683609009,0.07728160472979233,323.6691989000722,0.0019367851416511918,0.9765964567533174,0.014979047069118137,0.0004892329077421458,0.5006261339378779
data\sample_audio\output.wav,1234,gain,AMPLITUDE SCALING,0.04,0.04,0.0573459230363369,1.0224586725234985,0.06884313538981134,324.29078163690576,0.0019757703808230115,0.9765583100320079,0.219092693238304,0.0004897305663317963,0.5010866165665462
data\sample_audio\output.wav,1234,compression,COMPRESSION,0.11,0.11,0.05691682919859886,0.875,0.06884313538981134,506.8782201001317,0.0114736595827238,0.9606847281962533,0.6742250378324669,0.0,0.5063730633409905
data\sample_audio\output.wav,1234,unknown,UNKNOWN MODIFICATION,0.09,0.09,0.05087583139538765,0.7584487795829773,0.06884437070958002,293.15807860891505,0.0017319203343024348,0.9839549157502318,0.21195474680863022,0.0016616445985923032,0.5003241800554717
data\sample_audio\real_pipeline.wav,1234,clean,PROTECTED DERIVATIVE,0.035,0.035,0.05608665570616722,1.0,0.06925139998838747,324.27569741738796,0.001975653506930801,0.9765600391751892,0.21927893204296417,0.0004943444452994555,0.5010866275644089
data\sample_audio\real_pipeline.wav,1234,noise,GAUSSIAN NOISE,0.08,0.08,0.05609121173620224,1.0013190507888794,0.11404732226355237,325.25227477576084,0.002034663789903459,0.9764836131066461,0.34569282137747165,0.0007017453771870266,0.4967338981779653
data\sample_audio\real_pipeline.wav,1234,crop,CROPPING,0.14,0.14,0.05608665570616722,1.0,0.06865100788045526,324.2792097353831,0.001975664159963749,0.9765598920583946,0.21927159022625073,0.00040654755891955647,0.5015182047780758
data\sample_audio\real_pipeline.wav,1234,lowpass,LOWPASS FILTER,0.16,0.16,0.056081779301166534,1.000592589378357,0.07174809227260767,322.38803807424085,0.001834512544381357,0.9767017153467765,0.025694668874852524,0.0004937346394938424,0.5003466491244485
data\sample_audio\real_pipeline.wav,1234,resample,RESAMPLING,0.12,0.12,0.05608642101287842,1.0004550218582153,0.08234760726449743,324.1514749186375,0.001968692728479641,0.9765668502473697,0.031619422995290275,0.0004940286402384474,0.5009718983938732
data\sample_audio\real_pipeline.wav,1234,gain,AMPLITUDE SCALING,0.04,0.04,0.05556650832295418,0.9907259345054626,0.06925139998838747,324.27569741738796,0.0019756535069308015,0.9765600391751896,0.2192789320431741,0.0004943444885513082,0.5010866275643824
data\sample_audio\real_pipeline.wav,1234,compression,COMPRESSION,0.11,0.11,0.056502994149923325,0.875,0.06925139998838747,438.9502978953863,0.00809480558745469,0.9666888177008959,0.6428068067354384,0.0,0.49713046945936273
data\sample_audio\real_pipeline.wav,1234,unknown,UNKNOWN MODIFICATION,0.09,0.09,0.05753166228532791,0.8516488671302795,0.06925263536309516,293.73555474339327,0.0017360950539319071,0.9834269765900527,0.2131388846690678,0.0014967865609046276,0.5016538916137433
data\sample_audio\reconstructed.wav,1234,clean,PROTECTED DERIVATIVE,0.035,0.035,0.05608667433261871,1.0,0.06886843382900684,324.2815458356652,0.0019756424274818612,0.9765594113757559,0.21929293483322612,0.0004943440537814488,0.5010860211151504
data\sample_audio\reconstructed.wav,1234,noise,GAUSSIAN NOISE,0.08,0.08,0.056091226637363434,1.0014106035232544,0.11404979301296773,325.2581138414994,0.0020346526810477387,0.9764829869037767,0.3456918042225731,0.0007017448720144159,0.49673387633395194
data\sample_audio\reconstructed.wav,1234,crop,CROPPING,0.14,0.14,0.05608667805790901,1.0,0.06826804172107463,324.2850583734511,0.001975653079736105,0.9765592644003407,0.21928551312893688,0.00040654729547892176,0.5015175829521589
data\sample_audio\reconstructed.wav,1234,lowpass,LOWPASS FILTER,0.16,0.16,0.05608179420232773,1.0005749464035034,0.07277098253056626,322.3939030925164,0.0018345028815945515,0.9767010862397428,0.025694622509608977,0.0004937343195003931,0.500345986135136
data\sample_audio\reconstructed.wav,1234,resample,RESAMPLING,0.12,0.12,0.05608643963932991,1.0004478693008423,0.08355333297919258,324.1573162228499,0.001968681277319209,0.976566222807199,0.03161909986095648,0.0004940282838893458,0.5009710851552219
data\sample_audio\reconstructed.wav,1234,gain,AMPLITUDE SCALING,0.04,0.04,0.05556652694940567,0.9907259345054626,0.06886843382900684,324.2815458356652,0.001975642427481861,0.9765594113757563,0.21929293483343593,0.0004943441259310559,0.5010860211151238
data\sample_audio\reconstructed.wav,1234,compression,COMPRESSION,0.11,0.11,0.056502822786569595,0.875,0.06886843382900684,438.96255585457703,0.008096299058231789,0.9666887682266544,0.6428396942454664,0.0,0.49712410248163763
data\sample_audio\reconstructed.wav,1234,unknown,UNKNOWN MODIFICATION,0.09,0.09,0.0575316846370697,0.8516488671302795,0.06886966920371453,293.7385614697622,0.001736089168844967,0.9834266448949278,0.21314744121078436,0.0014967854342434659,0.5016534967606969
data\sample_audio\speech.wav,1234,clean,PROTECTED DERIVATIVE,0.035,0.035,0.05608630180358887,1.0,0.06884313538981134,324.2905246929313,0.001975776284987344,0.9765583435255921,0.21877010376567302,0.0004895396703934521,0.501093006407424
data\sample_audio\speech.wav,1234,noise,GAUSSIAN NOISE,0.08,0.08,0.05609085038304329,1.0014106035232544,0.1140756040404839,325.26701451860407,0.002034780950969681,0.9764819229229512,0.3456759532418925,0.0006965847403472208,0.49673206120275976
data\sample_audio\speech.wav,1234,crop,CROPPING,0.14,0.14,0.05608630180358887,1.0,0.06748798960354882,324.3250638688386,0.0019759628219647276,0.9765562034547625,0.2188410007865414,0.0003519726938725467,0.5029420663546851
data\sample_audio\speech.wav,1234,lowpass,LOWPASS FILTER,0.16,0.16,0.055990178138017654,1.001340389251709,0.05397359133398476,301.2651493722895,0.00045619426477885107,0.9793540580908655,0.005699604673420367,0.0004898105935634233,0.49749174965014586
data\sample_audio\speech.wav,1234,resample,RESAMPLING,0.12,0.12,0.05608499050140381,1.0005407333374023,0.07550768554194096,323.66900612749856,0.001936794271642298,0.9765964870917855,0.014978316592338003,0.0004890547322730848,0.5006303380718312
data\sample_audio\speech.wav,1234,gain,AMPLITUDE SCALING,0.04,0.04,0.0573459267616272,1.0224586725234985,0.06884313538981134,324.29052469293134,0.0019757762849873443,0.9765583435255923,0.21877010376517525,0.000489539630781695,0.5010930064074866
data\sample_audio\speech.wav,1234,compression,COMPRESSION,0.11,0.11,0.05691784992814064,0.875,0.06884313538981134,506.9758018738347,0.011479927301681212,0.9606791247640621,0.6742984452562083,0.0,0.5064159174141838
data\sample_audio\speech.wav,1234,unknown,UNKNOWN MODIFICATION,0.09,0.09,0.05087583139538765,0.7584487795829773,0.06884437070958002,293.1580300037269,0.0017319442805382506,0.98395492672289,0.21166322988017064,0.0016621430348460373,0.500329295345537
data\sample_audio\temp.wav,1234,clean,PROTECTED DERIVATIVE,0.035,0.035,0.056087739765644073,1.0,0.06868312762285493,324.36594745541476,0.0019756421966795577,0.9765469375787487,0.2192223162249179,0.0004943253328260425,0.5011412751210738
data\sample_audio\temp.wav,1234,noise,GAUSSIAN NOISE,0.08,0.08,0.056092288345098495,1.0010138750076294,0.11354328938281914,325.3423175586321,0.0020346434170195526,0.9764705232090247,0.3456492994076612,0.0007017183009603535,0.4967697091382569
data\sample_audio\temp.wav,1234,crop,CROPPING,0.14,0.14,0.056087739765644073,1.0,0.06808273551492271,324.3694597411422,0.001975652847537719,0.9765467906188415,0.21921538508326466,0.00040653187016149013,0.5015699923351423
data\sample_audio\temp.wav,1234,lowpass,LOWPASS FILTER,0.16,0.16,0.05608285963535309,1.0004384517669678,0.07179503651149949,322.47827003968285,0.0018344997843700395,0.9766886149747985,0.025690319352278158,0.0004937156183815072,0.5004033017335718
data\sample_audio\temp.wav,1234,resample,RESAMPLING,0.12,0.12,0.05608750507235527,1.0001530647277832,0.08068726365737623,324.2417272293607,0.0019686814818410565,0.9765537484972301,0.031615232964778306,0.0004940095414245186,0.5010268645950898
data\sample_audio\temp.wav,1234,gain,AMPLITUDE SCALING,0.04,0.04,0.055567577481269836,0.9907259345054626,0.06868312762285493,324.3659474554148,0.001975642196679558,0.976546937578749,0.21922231622512786,0.0004943254154479686,0.5011412751210472
data\sample_audio\temp.wav,1234,compression,COMPRESSION,0.11,0.11,0.056504204869270325,0.875,0.06868312762285493,439.23281491643377,0.008106243607725126,0.9666530523690703,0.6434857893620536,0.0,0.4971161864238841
data\sample_audio\temp.wav,1234,unknown,UNKNOWN MODIFICATION,0.09,0.09,0.05753249302506447,0.8516488671302795,0.0686843629975626,293.80541658074696,0.001736103002020308,0.9834167469840467,0.2131026714506444,0.0014967434417190069,0.5016886784064751
data\sample_audio\watermarked.wav,1234,clean,PROTECTED DERIVATIVE,0.035,0.035,0.05608667433261871,1.0,0.0689672638056212,324.28154598792327,0.00197564243392287,0.9765594113716752,0.21929352731112453,0.0004943440537814488,0.5010859847445132
data\sample_audio\watermarked.wav,1234,noise,GAUSSIAN NOISE,0.08,0.08,0.056091226637363434,1.0014106035232544,0.11405226376238309,325.2581145981765,0.002034652669622803,0.9764829868970913,0.34569171585693254,0.0007017448720144159,0.496733733673276
data\sample_audio\watermarked.wav,1234,crop,CROPPING,0.14,0.14,0.05608667805790901,1.0,0.06836687169768899,324.2850585256747,0.0019756530861755103,0.9765592643962613,0.21928606527762654,0.00040654729547892176,0.5015175448083729
data\sample_audio\watermarked.wav,1234,lowpass,LOWPASS FILTER,0.16,0.16,0.05608179420232773,1.0005749464035034,0.0722570666521716,322.3939031804342,0.0018345028842012456,0.9767010862394144,0.025694649557278564,0.0004937343195003931,0.500345986701561
data\sample_audio\watermarked.wav,1234,resample,RESAMPLING,0.12,0.12,0.05608643963932991,1.0004478693008423,0.08291835037944534,324.15731631521356,0.0019686812804607895,0.9765662228063465,0.03161946300328558,0.0004940282774391614,0.500971084495655
data\sample_audio\watermarked.wav,1234,gain,AMPLITUDE SCALING,0.04,0.04,0.05556652694940567,0.9907259345054626,0.0689672638056212,324.28154598792327,0.0019756424339228695,0.9765594113716751,0.21929352731133425,0.0004943441259310559,0.5010859847444866
data\sample_audio\watermarked.wav,1234,compression,COMPRESSION,0.11,0.11,0.056502822786569595,0.875,0.0689672638056212,438.96255585457703,0.008096299058231789,0.9666887682266544,0.6428396942454664,0.0,0.49712410248163763
data\sample_audio\watermarked.wav,1234,unknown,UNKNOWN MODIFICATION,0.09,0.09,0.0575316846370697,0.8516488671302795,0.06896849918032888,293.7385614997118,0.0017360891700577855,0.9834266448938127,0.21314763671956585,0.0014967854342434659,0.5016534805938324
input_audio\protected.wav,1234,clean,PROTECTED DERIVATIVE,0.035,0.035,0.05613655969500542,1.006135106086731,0.09257033297054496,329.4498275403848,0.001972779458605283,0.9757621031509145,0.21735119943926043,0.000493465947264051,0.4973521041949244
input_audio\protected.wav,1234,noise,GAUSSIAN NOISE,0.08,0.08,0.05614108219742775,1.0057145357131958,0.11595968231104017,330.4227735854205,0.0020316993533127177,0.975685985122894,0.3431825160869103,0.0007004991602867599,0.49375779703572154
input_audio\protected.wav,1234,crop,CROPPING,0.14,0.14,0.05613655969500542,1.006135106086731,0.09171545367283078,329.45338618614215,0.0019727900454007724,0.9757619467989295,0.21734410406490248,0.0004058250854030369,0.4977811052851518
input_audio\protected.wav,1234,lowpass,LOWPASS FILTER,0.16,0.16,0.05613167956471443,1.004780650138855,0.08786726145840926,327.5648230378662,0.0018318428566530779,0.9759035849520815,0.025445818469754466,0.0004928571791090946,0.4965933877368096
input_audio\protected.wav,1234,resample,RESAMPLING,0.12,0.12,0.056136325001716614,1.005501389503479,0.09648276466976581,329.32582497954763,0.001965828934633686,0.9757688986125318,0.03134032258638951,0.0004931507396316192,0.49722797611229597
input_audio\protected.wav,1234,gain,AMPLITUDE SCALING,0.04,0.04,0.055615946650505066,0.9968041181564331,0.09257033297054496,329.4498275403848,0.001972779458605283,0.9757621031509146,0.21735119943946885,0.0004934659725729358,0.4973521041948996
input_audio\protected.wav,1234,compression,COMPRESSION,0.11,0.11,0.05654272437095642,0.875,0.09257033297054496,450.4023462355335,0.008495527687146615,0.9652527247462112,0.6558684154655715,0.0,0.49609582452855894
input_audio\protected.wav,1234,unknown,UNKNOWN MODIFICATION,0.09,0.09,0.05756841599941254,0.8516488671302795,0.09257156834525264,297.4147862098422,0.00173431230295651,0.9828580689719328,0.21219322409793348,0.0014948761351506997,0.49846385353033024
input_audio\speech.wav,1234,clean,PROTECTED DERIVATIVE,0.035,0.035,0.05610116571187973,1.0,0.07862542327025922,325.78011888551896,0.0019748556414866322,0.9763333059091387,0.21867640529450333,0.0004940888093240553,0.5003106508034596
input_audio\speech.wav,1234,noise,GAUSSIAN NOISE,0.08,0.08,0.05610570311546326,1.0014106035232544,0.11306890549507023,326.7554024953128,0.0020338364286288167,0.9762569550287219,0.344966915280388,0.0007013829008373722,0.4962335616712594
input_audio\speech.wav,1234,crop,CROPPING,0.14,0.14,0.05610116571187973,1.0,0.07802503116232701,325.7836423247515,0.0019748662785428234,0.9763331575635372,0.21866927467460268,0.0004063373833265121,0.5007345316675372
input_audio\speech.wav,1234,lowpass,LOWPASS FILTER,0.16,0.16,0.05609628185629845,1.0011519193649292,0.08195722885687072,323.893191794678,0.0018337708222185929,0.9764749288981984,0.025617203599065066,0.0004934793810365735,0.4995757105303419
input_audio\speech.wav,1234,resample,RESAMPLING,0.12,0.12,0.05610092729330063,1.0005759000778198,0.09069874028841057,325.65596023649346,0.001967897817015279,0.976340112504734,0.031535690156479855,0.0004937732090715207,0.5001951103278192
input_audio\speech.wav,1234,gain,AMPLITUDE SCALING,0.04,0.04,0.055580876767635345,0.9907259345054626,0.07862542327025922,325.780118885519,0.0019748556414866327,0.9763333059091389,0.21867640529471305,0.000494088864550574,0.5003106508034338
input_audio\speech.wav,1234,compression,COMPRESSION,0.11,0.11,0.05651383101940155,0.875,0.07862542327025922,443.0940162600996,0.00823645686789334,0.9661663599833309,0.6482970617913998,0.0,0.4970835188818621
input_audio\speech.wav,1234,unknown,UNKNOWN MODIFICATION,0.09,0.09,0.05754242464900017,0.8516488671302795,0.0786266586449669,294.80457555116357,0.0017356069657373328,0.9832658253485181,0.21290280442555487,0.0014962269216335507,0.5009256016564456
input_audio\tampered.wav,1234,clean,PROTECTED DERIVATIVE,0.035,0.035,0.05501210689544678,0.9861162900924683,0.09231584578076299,329.2871909039747,0.0019728822929420036,0.9757802590966743,0.21736978540442572,0.0004934967838089938,0.49747059906482277
input_audio\tampered.wav,1234,noise,GAUSSIAN NOISE,0.08,0.08,0.05501672253012657,0.9856956601142883,0.11636982671398975,330.3039449353905,0.002034244681521811,0.9757002978687803,0.34520888666840005,0.0007092652945481782,0.4938271893493739
input_audio\tampered.wav,1234,crop,CROPPING,0.14,0.14,0.05501210689544678,0.9861162900924683,0.0914609664830488,329.29074817036235,0.0019728928884996575,0.9757801057064258,0.21736350022090867,0.00040585043301373427,0.49782440725731386
input_audio\tampered.wav,1234,lowpass,LOWPASS FILTER,0.16,0.16,0.05500732734799385,0.9856460690498352,0.08764736476044231,327.40210085240193,0.0018319383408978063,0.9759217454024882,0.02544793637597826,0.0004928879885247724,0.4967137299903792
input_audio\tampered.wav,1234,resample,RESAMPLING,0.12,0.12,0.05501187965273857,0.9854952692985535,0.09624557272589135,329.1631807428256,0.001965931407167363,0.9757870550391726,0.03134273726472094,0.0004931815035787864,0.4973469517524805
input_audio\tampered.wav,1234,gain,AMPLITUDE SCALING,0.04,0.04,0.05450192466378212,0.9769709706306458,0.09231584578076299,329.2871909039746,0.001972882292942003,0.9757802590966739,0.21736978540463836,0.0004934967990666382,0.49747059906479746
input_audio\tampered.wav,1234,compression,COMPRESSION,0.11,0.11,0.05549438297748566,0.875,0.09231584578076299,452.0592070979506,0.008617347779868018,0.9650748419880087,0.6572620144026473,0.0,0.49662457366738316
input_audio\tampered.wav,1234,unknown,UNKNOWN MODIFICATION,0.09,0.09,0.056415628641843796,0.8346158862113953,0.09231708115547067,297.28892065286993,0.0017343842622210756,0.9828756302634496,0.21220543286770407,0.0014949511638859044,0.4984592121275517
data\eval_audio\speech1.wav,2026,clean,PROTECTED DERIVATIVE,0.035,0.035,0.052032727748155594,0.263885498046875,0.0142897177699116,237.0983782229855,8.847214520539289e-06,0.9996446727110221,0.05403075679465797,0.00423802656486315,0.3097297924555222
data\eval_audio\speech1.wav,2026,noise,GAUSSIAN NOISE,0.08,0.08,0.05203316733241081,0.26400259137153625,0.029335821971665437,237.31336865735508,2.1549716780620345e-05,0.9996281139430365,0.09862135782559296,0.004268983484044095,0.31216618442678457
data\eval_audio\speech1.wav,2026,crop,CROPPING,0.14,0.14,0.052032507956027985,0.263885498046875,0.014123748085226793,237.0958165443291,8.838700692646506e-06,0.9996447450979894,0.05392159658882125,0.0056026148318781945,0.30993156509112413
data\eval_audio\speech1.wav,2026,lowpass,LOWPASS FILTER,0.16,0.16,0.052032630890607834,0.26382318139076233,0.015652845835929442,237.05046643939195,5.359237517728399e-06,0.9996482858919324,0.003764536774487105,0.004237841298198003,0.3085216661768836
data\eval_audio\speech1.wav,2026,resample,RESAMPLING,0.12,0.12,0.0520327091217041,0.26381295919418335,0.016863608289777628,237.08680425890213,8.273127884198994e-06,0.9996452466006976,0.012298021450452098,0.004237969597000689,0.3093679115237676
data\eval_audio\speech1.wav,2026,gain,AMPLITUDE SCALING,0.04,0.04,0.05433329567313194,0.275552898645401,0.0142897177699116,237.0983782229855,8.847214520539287e-06,0.9996446727110222,0.05403075679402205,0.004238026327558391,0.3097297924556099
data\eval_audio\speech1.wav,2026,compression,COMPRESSION,0.11,0.11,0.0536479614675045,0.25,0.0142897177699116,442.010174651673,0.007462922269228498,0.9804387810245376,0.5519604557168662,0.0,0.4003713118432836
data\eval_audio\speech1.wav,2026,unknown,UNKNOWN MODIFICATION,0.09,0.09,0.049794916063547134,0.2855157256126404,0.0142897177699116,228.11124556789102,8.295689553781451e-06,0.9996135780508013,0.05519182713732552,0.0007869697397596743,0.315644245387934
data\eval_audio\speech2.wav,2026,clean,PROTECTED DERIVATIVE,0.035,0.035,0.015905234962701797,0.1942291259765625,0.016113305684239257,501.0047292139759,1.6439759177246356e-05,0.997302542400146,0.02028240694463858,10.281626572088364,0.25156413538177275
data\eval_audio\speech2.wav,2026,noise,GAUSSIAN NOISE,0.08,0.08,0.015906745567917824,0.194008469581604,0.301461054962052,503.1871693993156,0.00015293266260822,0.9971265441905109,0.22979920783668256,10.278904429645593,0.27581854934436656
data\eval_audio\speech2.wav,2026,crop,CROPPING,0.14,0.14,0.015766508877277374,0.1942291259765625,0.016067813573329492,499.32020179618934,1.694719363934241e-05,0.9973257781429501,0.02132072337779982,9.77501583126945,0.2474074756505318
data\eval_audio\speech2.wav,2026,lowpass,LOWPASS FILTER,0.16,0.16,0.01590481586754322,0.19389189779758453,0.10327012457256371,500.68673339239814,2.7706581482642394e-06,0.9973524725881932,0.00044437068334669333,10.281985973251636,0.2508247409904702
data\eval_audio\speech2.wav,2026,resample,RESAMPLING,0.12,0.12,0.015905234962701797,0.19421273469924927,0.16472238439317316,501.0031049487195,1.6331205425735975e-05,0.9973026506806058,0.00047526997721113445,10.281628966631247,0.2513037111344512
data\eval_audio\speech2.wav,2026,gain,AMPLITUDE SCALING,0.04,0.04,0.016654053702950478,0.20337343215942383,0.016113305684239257,501.0047292139761,1.6439759177246363e-05,0.997302542400146,0.02028240694025031,10.281624856136286,0.25156413538206684
data\eval_audio\speech2.wav,2026,compression,COMPRESSION,0.11,0.11,0.016329094767570496,0.1875,0.016113305684239257,785.6268793717766,0.014410253808048985,0.9686408828611845,0.5735500091511586,10.07458241920101,0.37138478806657926
data\eval_audio\speech2.wav,2026,unknown,UNKNOWN MODIFICATION,0.09,0.09,0.009986781515181065,0.11084228754043579,0.016113305684239257,505.5062267688641,1.6115654331396426e-05,0.9975664197854192,0.02120781494250266,5.281885662383312,0.2554466198814931
data\eval_audio\speech3.wav,2026,clean,PROTECTED DERIVATIVE,0.035,0.035,0.019235923886299133,0.125091552734375,0.014950741607937147,405.56199707093697,1.248968151896711e-07,0.9998256378323473,0.009849967627229526,3.107878011340563,0.17868522837884634
data\eval_audio\speech3.wav,2026,noise,GAUSSIAN NOISE,0.08,0.08,0.019237028434872627,0.1251998096704483,0.22750006394174094,407.0865221878721,9.363676258704316e-05,0.9997035127758196,0.14506737711305465,3.1073122134058844,0.20037812522984247
data\eval_audio\speech3.wav,2026,crop,CROPPING,0.14,0.14,0.01903454214334488,0.125091552734375,0.01471822618635181,402.664059942805,2.1015580211108982e-06,0.9998292932399202,0.011806792611808678,3.082009619072402,0.17784010187677102
data\eval_audio\speech3.wav,2026,lowpass,LOWPASS FILTER,0.16,0.16,0.019235920161008835,0.12508109211921692,0.07457932147349673,405.5593531020557,2.159783456241266e-08,0.999825942960822,0.00031352731937275553,3.107875385652902,0.17830510281746195
data\eval_audio\speech3.wav,2026,resample,RESAMPLING,0.12,0.12,0.019235923886299133,0.12509103119373322,0.14837506597625089,405.5616267857973,1.0554568301567139e-07,0.9998256571804655,0.0020874839239164123,3.107878334928834,0.1785732389928967
data\eval_audio\speech3.wav,2026,gain,AMPLITUDE SCALING,0.04,0.04,0.017783230170607567,0.1156446561217308,0.014950741607937147,405.561997070937,1.248968151896712e-07,0.9998256378323471,0.009849967631158947,3.107878014428988,0.17868522837860418
data\eval_audio\speech3.wav,2026,compression,COMPRESSION,0.11,0.11,0.020270437002182007,0.125,0.014950741607937147,752.7356284732097,0.014482429084621253,0.9635159634323849,0.583910836394625,2.9891168255355867,0.3548626015090915
data\eval_audio\speech3.wav,2026,unknown,UNKNOWN MODIFICATION,0.09,0.09,0.01534667145460844,0.10828687995672226,0.014950741607937147,393.0247814920897,1.3587630363601608e-07,0.9998407668797434,0.010602438879273583,1.0952860600593934,0.18261605118262797
data\eval_audio\speech4.wav,2026,clean,PROTECTED DERIVATIVE,0.035,0.035,0.006305443588644266,0.115386962890625,0.08045050038922497,2317.343666687517,0.14284224670572612,0.8435221713936429,0.1660188806765485,4.905118127791452,0.5567081067149807
data\eval_audio\speech4.wav,2026,noise,GAUSSIAN NOISE,0.08,0.08,0.006309371907263994,0.11542118340730667,0.28230717354630974,2328.668793619528,0.14348437587503068,0.8426236553565428,0.42820799468477544,4.899430275081736,0.5312087820890559
data\eval_audio\speech4.wav,2026,crop,CROPPING,0.14,0.14,0.0060704778879880905,0.115386962890625,0.0778850175401382,2107.8751672235935,0.12324367698401471,0.8634788267318235,0.16269821128436274,1.469546198744165,0.5652904970259831
data\eval_audio\speech4.wav,2026,lowpass,LOWPASS FILTER,0.16,0.16,0.006165106315165758,0.10662215203046799,0.13223243034473925,1864.3362119196067,0.10347386749462384,0.8822949680701254,0.022232589279512927,4.482215268349562,0.5580690074919924
data\eval_audio\speech4.wav,2026,resample,RESAMPLING,0.12,0.12,0.006263457704335451,0.10990067571401596,0.14971453500123072,2127.2006978284367,0.1313527471582315,0.8548288997487056,0.01832949947408064,4.777833425720723,0.5583083946370124
data\eval_audio\speech4.wav,2026,gain,AMPLITUDE SCALING,0.04,0.04,0.006262681446969509,0.11460443586111069,0.08045050038922497,2317.3436666875164,0.1428422467057261,0.8435221713936429,0.1660188806772824,4.905117947544732,0.5567081067147887
data\eval_audio\speech4.wav,2026,compression,COMPRESSION,0.11,0.11,0.006203002296388149,0.125,0.08045050038922497,2965.222200188934,0.1607699358033157,0.7981781815117082,0.7655359409709835,5.128658124149218,0.7073573255792596
data\eval_audio\speech4.wav,2026,unknown,UNKNOWN MODIFICATION,0.09,0.09,0.0041749500669538975,0.09093444794416428,0.08045050038922497,2083.29249472985,0.12089859953199351,0.8669469583160263,0.16681259679570917,1.2029568339883974,0.5671086160364628
data\eval_audio\speech5.wav,2026,clean,PROTECTED DERIVATIVE,0.035,0.035,0.02923247590661049,0.1705474853515625,0.021675861475419913,460.3467702240773,1.4068187386522682e-07,0.9998686376004093,0.008061114363843812,0.554890894413362,0.2636850735352622
data\eval_audio\speech5.wav,2026,noise,GAUSSIAN NOISE,0.08,0.08,0.029232800006866455,0.17088472843170166,0.1186033726593635,461.01632766619264,4.055394266148756e-05,0.9998158339708362,0.08961064303743105,0.5549561823682745,0.27168318173286693
data\eval_audio\speech5.wav,2026,crop,CROPPING,0.14,0.14,0.029170457273721695,0.1705474853515625,0.021484412735380955,459.72077640351614,6.595753808521406e-07,0.999871957609333,0.008811050301592002,0.5947702917258788,0.26386459162665915
data\eval_audio\speech5.wav,2026,lowpass,LOWPASS FILTER,0.16,0.16,0.0292324498295784,0.17055751383304596,0.0358852220893205,460.3399819055964,1.1529250036218954e-08,0.999869565679354,0.00014082589528581455,0.5548873097024177,0.26345326424972804
data\eval_audio\speech5.wav,2026,resample,RESAMPLING,0.12,0.12,0.02923247590661049,0.17055021226406097,0.053816416465996775,460.34647863405644,1.2493897529643572e-07,0.9998686533429374,0.0008345557793279418,0.5548908941905949,0.2636134348150075
data\eval_audio\speech5.wav,2026,gain,AMPLITUDE SCALING,0.04,0.04,0.026993287727236748,0.15748366713523865,0.021675861475419913,460.34677022407715,1.4068187386522695e-07,0.999868637600409,0.008061114366159203,0.5548908961994722,0.26368507353506365
data\eval_audio\speech5.wav,2026,compression,COMPRESSION,0.11,0.11,0.03259953111410141,0.1875,0.021675861475419913,1051.516482262678,0.023368865178954062,0.9391893725241524,0.6277127738591883,0.5649588698542478,0.4102841499674806
data\eval_audio\speech5.wav,2026,unknown,UNKNOWN MODIFICATION,0.09,0.09,0.025061074644327164,0.16172941029071808,0.021677617885878988,440.8796536250158,1.279003854763793e-07,0.9999063376304768,0.008065853568900636,0.1731542286066155,0.2582965198625321
data\sample_audio\channel_test.wav,2026,clean,PROTECTED DERIVATIVE,0.035,0.035,0.05608765035867691,1.0002334117889404,0.0794382998279123,324.30295579583145,0.0019757700252394537,0.976556055328223,0.21876040786732623,0.000494376062312631,0.5010948794493644
data\sample_audio\channel_test.wav,2026,noise,GAUSSIAN NOISE,0.08,0.08,0.05608801543712616,1.0005788803100586,0.0911298860613907,324.44826091122496,0.001985012652252571,0.9765450625118058,0.2755311724123107,0.0005289512457242464,0.4996091987363015
data\sample_audio\channel_test.wav,2026,crop,CROPPING,0.14,0.14,0.05608765035867691,1.0002334117889404,0.07780389908965238,324.31072949879945,0.001975814745771369,0.9765555077453512,0.21874995106647807,0.00037470117121397335,0.5011144882669862
data\sample_audio\channel_test.wav,2026,lowpass,LOWPASS FILTER,0.16,0.16,0.05587857589125633,1.00146484375,0.0497028306140677,280.0301236829464,9.955060307705664e-05,0.9826497508338407,0.0023829733279845822,0.000496330872032841,0.4959895870032105
data\sample_audio\channel_test.wav,2026,resample,RESAMPLING,0.12,0.12,0.05608423426747322,1.000740885734558,0.07435473290581132,322.842285751337,0.0018743134182809334,0.9766553295320389,0.004160180196468276,0.0004937731371712791,0.5001556637195562
data\sample_audio\channel_test.wav,2026,gain,AMPLITUDE SCALING,0.04,0.04,0.051716018468141556,0.9222723245620728,0.0794382998279123,324.30295579583145,0.0019757700252394533,0.9765560553282231,0.2187604078692422,0.0004943760136055403,0.5010948794491243
data\sample_audio\channel_test.wav,2026,compression,COMPRESSION,0.11,0.11,0.05613585561513901,0.78125,0.0794382998279123,404.27770797566853,0.0061934022561461605,0.9696251477034196,0.6139905315507783,0.0,0.49431357841630413
data\sample_audio\channel_test.wav,2026,unknown,UNKNOWN MODIFICATION,0.09,0.09,0.060526177287101746,0.8977069854736328,0.07943953520261998,293.5399015960798,0.0017345898637271145,0.9835684017226773,0.2123585871933778,0.0015543712276678034,0.5002376225950876
data\sample_audio\e2e_watermarked.wav,2026,clean,PROTECTED DERIVATIVE,0.035,0.035,0.056086670607328415,1.0,0.06886843382900684,324.2816313652971,0.001975642977955619,0.9765594051042056,0.21929212204019075,0.0004943441605590255,0.5010862283226152
data\sample_audio\e2e_watermarked.wav,2026,noise,GAUSSIAN NOISE,0.08,0.08,0.05608703941106796,1.0005592107772827,0.09128060177572761,324.4269480098973,0.00198488620046003,0.9765484133449883,0.2755844097462983,0.0005289314513396216,0.49960698129611997
data\sample_audio\e2e_watermarked.wav,2026,crop,CROPPING,0.14,0.14,0.056086670607328415,1.0,0.06783936669750985,324.289403926136,0.0019756876832616676,0.9765588575861965,0.21927988378470809,0.00037459329885016315,0.5011049678960608
data\sample_audio\e2e_watermarked.wav,2026,lowpass,LOWPASS FILTER,0.16,0.16,0.055877622216939926,1.0013669729232788,0.04888254180816855,280.01339021506635,9.954290619362432e-05,0.982652428962847,0.0024084684737321533,0.0004962706151461929,0.4959862717539646
data\sample_audio\e2e_watermarked.wav,2026,resample,RESAMPLING,0.12,0.12,0.056083254516124725,1.0005824565887451,0.07339855288206742,322.8209508249926,0.0018741878931653956,0.9766586781464007,0.004185411948646262,0.0004937254399083242,0.5001510354179185
data\sample_audio\e2e_watermarked.wav,2026,gain,AMPLITUDE SCALING,0.04,0.04,0.05171511322259903,0.9220570921897888,0.06886843382900684,324.2816313652972,0.0019756429779556194,0.9765594051042058,0.21929212204208456,0.0004943442534199725,0.501086228322375
data\sample_audio\e2e_watermarked.wav,2026,compression,COMPRESSION,0.11,0.11,0.05613572522997856,0.78125,0.06886843382900684,404.2106905244352,0.006190467088537359,0.9696324237371329,0.6138470886964289,0.0,0.4942810348775343
data\sample_audio\e2e_watermarked.wav,2026,unknown,UNKNOWN MODIFICATION,0.09,0.09,0.060525082051754,0.8977069854736328,0.06886966920371453,293.5216149568849,0.0017344249157015272,0.9835710903444493,0.212853491060022,0.001553145177890088,0.5002303755175411
data\sample_audio\ecc_recovery.wav,2026,clean,PROTECTED DERIVATIVE,0.035,0.035,0.056087788194417953,1.0,0.06935764221324792,324.3563521213205,0.001975649000690756,0.9765485621481822,0.2192133038936693,0.0004943245498511959,0.501157876266767
data\sample_audio\ecc_recovery.wav,2026,noise,GAUSSIAN NOISE,0.08,0.08,0.0560881569981575,1.0005286931991577,0.09004522706804814,324.50174121373146,0.0019848891694518684,0.9765375628982006,0.2755425433427167,0.0005289104688130881,0.4996695016760349
data\sample_audio\ecc_recovery.wav,2026,crop,CROPPING,0.14,0.14,0.056087788194417953,1.0,0.06832857508175093,324.3641265630226,0.0019756937062330644,0.9765480147860591,0.2192008407224445,0.00037457838476295563,0.5011650749073906
data\sample_audio\ecc_recovery.wav,2026,lowpass,LOWPASS FILTER,0.16,0.16,0.05587867647409439,1.0009983777999878,0.05131870073171244,280.07835646093304,9.954273541522381e-05,0.9826431246093512,0.0024080190832345425,0.0004962518603232103,0.4960703711203972
data\sample_audio\ecc_recovery.wav,2026,resample,RESAMPLING,0.12,0.12,0.05608436465263367,1.0005382299423218,0.0721434121790651,322.8956495507093,0.0018741913142935858,0.9766478366343502,0.00418478666781037,0.0004937058068023559,0.5002251710068322
data\sample_audio\ecc_recovery.wav,2026,gain,AMPLITUDE SCALING,0.04,0.04,0.051716141402721405,0.9220570921897888,0.06935764221324792,324.35635212132047,0.001975649000690755,0.9765485621481823,0.21921330389556584,0.0004943246198644079,0.5011578762665272
data\sample_audio\ecc_recovery.wav,2026,compression,COMPRESSION,0.11,0.11,0.056136082857847214,0.78125,0.06935764221324792,404.54482837263487,0.00620399450916364,0.9695904765880266,0.6145209180066562,0.0,0.4942065868718867
data\sample_audio\ecc_recovery.wav,2026,unknown,UNKNOWN MODIFICATION,0.09,0.09,0.060525987297296524,0.8977069854736328,0.06935887758795559,293.57601472838167,0.0017344398615269734,0.983563777337507,0.21280505822346873,0.0015530987018661773,0.5002315960951659
data\sample_audio\output.wav,2026,clean,PROTECTED DERIVATIVE,0.035,0.035,0.05608629807829857,1.0,0.06884313538981134,324.29078163690576,0.0019757703808230102,0.9765583100320077,0.21909269323879868,0.0004897305885655504,0.5010866165664839
data\sample_audio\output.wav,2026,noise,GAUSSIAN NOISE,0.08,0.08,0.056086666882038116,1.0005592107772827,0.09126665983123061,324.43610565535255,0.0019850133028351965,0.9765473178595223,0.27556980650434776,0.0005241745792684965,0.4996065371070867
data\sample_audio\output.wav,2026,crop,CROPPING,0.14,0.14,0.05608629807829857,1.0,0.06824894658106724,324.30247117276934,0.0019758246775487443,0.9765576613638189,0.2191112514403502,0.0004086145190964909,0.5021032885656089
data\sample_audio\output.wav,2026,lowpass,LOWPASS FILTER,0.16,0.16,0.05589275434613228,1.0013720989227295,0.04943626182355434,282.843627074129,0.00012162455961619675,0.9821978485471331,0.003701340351665976,0.0004913987615093275,0.49617185041773826
data\sample_audio\output.wav,2026,resample,RESAMPLING,0.12,0.12,0.05608625337481499,1.0002995729446411,0.08761876055426328,324.2631376449051,0.001974328788790146,0.9765597206152032,0.07207610188875649,0.000489528150859097,0.501062098582746
data\sample_audio\output.wav,2026,gain,AMPLITUDE SCALING,0.04,0.04,0.057536616921424866,1.0258586406707764,0.06884313538981134,324.2907816369057,0.001975770380823011,0.9765583100320075,0.21909269323823113,0.000489730576128206,0.5010866165665554
data\sample_audio\output.wav,2026,compression,COMPRESSION,0.11,0.11,0.05632185563445091,0.84375,0.06884313538981134,401.7259151432818,0.006151006935490447,0.9698317695011405,0.6138504778428324,0.0,0.4944537188498823
data\sample_audio\output.wav,2026,unknown,UNKNOWN MODIFICATION,0.09,0.09,0.05676083639264107,0.8451216220855713,0.06884437070958002,293.20564404508974,0.0017322203088188444,0.9838598252067654,0.2121236882620562,0.0016573852115198205,0.5001506220210382
data\sample_audio\real_pipeline.wav,2026,clean,PROTECTED DERIVATIVE,0.035,0.035,0.05608665570616722,1.0,0.06925139998838747,324.27569741738796,0.001975653506930801,0.9765600391751892,0.21927893204296417,0.0004943444452994555,0.5010866275644089
data\sample_audio\real_pipeline.wav,2026,noise,GAUSSIAN NOISE,0.08,0.08,0.05608702450990677,1.0005592107772827,0.09124354053449722,324.4210110889486,0.001984896567196055,0.9765490477663383,0.2755835552587071,0.0005289317179160037,0.4996077652196014
data\sample_audio\real_pipeline.wav,2026,crop,CROPPING,0.14,0.14,0.05608665570616722,1.0,0.06822233285689049,324.28347001786074,0.001975698213485354,0.9765594917719892,0.2192665211692623,0.0003745934606731736,0.5011054775997557
data\sample_audio\real_pipeline.wav,2026,lowpass,LOWPASS FILTER,0.16,0.16,0.05587761849164963,1.0013725757598877,0.04831426944263599,280.0088699295152,9.954319284086355e-05,0.9826528261495349,0.0024084825417636092,0.0004962706511452969,0.4959864196170077
data\sample_audio\real_pipeline.wav,2026,resample,RESAMPLING,0.12,0.12,0.05608324334025383,1.000603437423706,0.07251896609019964,322.8149881895397,0.0018741961696467147,0.9766593144869385,0.0041854108522973625,0.0004937256499303606,0.500151507730001
data\sample_audio\real_pipeline.wav,2026,gain,AMPLITUDE SCALING,0.04,0.04,0.051715102046728134,0.9220570921897888,0.06925139998838747,324.27569741738796,0.0019756535069308015,0.9765600391751894,0.21927893204485857,0.0004943444627413337,0.5010866275641689
data\sample_audio\real_pipeline.wav,2026,compression,COMPRESSION,0.11,0.11,0.05613570660352707,0.78125,0.06925139998838747,404.21647339858043,0.006191421144685019,0.9696317971810764,0.6138524722574186,0.0,0.4943007038050232
data\sample_audio\real_pipeline.wav,2026,unknown,UNKNOWN MODIFICATION,0.09,0.09,0.060525063425302505,0.8977069854736328,0.06925263536309516,293.5186840121918,0.0017344305343061869,0.9835714132530032,0.21284537848204393,0.0015531460421400157,0.5002300066536131
data\sample_audio\reconstructed.wav,2026,clean,PROTECTED DERIVATIVE,0.035,0.035,0.05608667433261871,1.0,0.06886843382900684,324.2815458356652,0.0019756424274818612,0.9765594113757559,0.21929293483322612,0.0004943440537814488,0.5010860211151504
data\sample_audio\reconstructed.wav,2026,noise,GAUSSIAN NOISE,0.08,0.08,0.05608704686164856,1.0005592107772827,0.09128060177572761,324.42686311387723,0.0019848856614805145,0.9765484195424099,0.27558439082283226,0.0005289313751749902,0.4996068761175849
data\sample_audio\reconstructed.wav,2026,crop,CROPPING,0.14,0.14,0.05608667805790901,1.0,0.06783936669750985,324.2893183833198,0.0019756871326649557,0.976558863858663,0.219280682218035,0.0003745932179387103,0.5011047796786618
data\sample_audio\reconstructed.wav,2026,lowpass,LOWPASS FILTER,0.16,0.16,0.055877625942230225,1.0013669729232788,0.04888254180816855,280.0133163996828,9.954287787923781e-05,0.9826524335804814,0.0024084660590850088,0.0004962704711498295,0.4959861248533526
data\sample_audio\reconstructed.wav,2026,resample,RESAMPLING,0.12,0.12,0.056083258241415024,1.0005824565887451,0.07340349438089815,322.82086534663983,0.0018741873488922862,0.9766586844124664,0.004185466171195118,0.0004937253364961542,0.5001508602784739
data\sample_audio\reconstructed.wav,2026,gain,AMPLITUDE SCALING,0.04,0.04,0.051715120673179626,0.9220570921897888,0.06886843382900684,324.2815458356652,0.0019756424274818612,0.9765594113757561,0.21929293483511994,0.0004943442115557215,0.5010860211149105
data\sample_audio\reconstructed.wav,2026,compression,COMPRESSION,0.11,0.11,0.05613572522997856,0.78125,0.06886843382900684,404.2106905244352,0.006190467088537359,0.9696324237371329,0.6138470886964289,0.0,0.4942810348775343
data\sample_audio\reconstructed.wav,2026,unknown,UNKNOWN MODIFICATION,0.09,0.09,0.060525082051754,0.8977069854736328,0.06886966920371453,293.52159927262295,0.00173442481708503,0.9835710912330051,0.21285379794884632,0.0015531450818623775,0.5002303548184966
data\sample_audio\speech.wav,2026,clean,PROTECTED DERIVATIVE,0.035,0.035,0.05608630180358887,1.0,0.06884313538981134,324.2905246929313,0.001975776284987344,0.9765583435255921,0.21877010376567302,0.0004895396703934521,0.501093006407424
data\sample_audio\speech.wav,2026,noise,GAUSSIAN NOISE,0.08,0.08,0.056086666882038116,1.0005592107772827,0.091281483668455,324.43585016893456,0.0019850193829172836,0.9765473510072318,0.27553819370132787,0.0005239775104324881,0.499607102999144
data\sample_audio\speech.wav,2026,crop,CROPPING,0.14,0.14,0.05608630180358887,1.0,0.06824894658106724,324.3022146244694,0.0019758306058970895,0.9765576948403033,0.21879084389955708,0.0004084401265375699,0.5021096773829136
data\sample_audio\speech.wav,2026,lowpass,LOWPASS FILTER,0.16,0.16,0.05589275434613228,1.0013725757598877,0.050177453684773575,282.84341728940166,0.00012162483600846021,0.9821978814908192,0.003689031495511269,0.0004912314792640459,0.4961740065360727
data\sample_audio\speech.wav,2026,resample,RESAMPLING,0.12,0.12,0.05608625337481499,1.0002988576889038,0.0823538277000693,324.2629239000611,0.001974336834263573,0.9765597520135545,0.07210438714051338,0.0004893431292289795,0.5010675551592413
data\sample_audio\speech.wav,2026,gain,AMPLITUDE SCALING,0.04,0.04,0.057536620646715164,1.0258586406707764,0.06884313538981134,324.29052469293134,0.001975776284987344,0.9765583435255926,0.2187701037651016,0.0004895396937275746,0.5010930064074958
data\sample_audio\speech.wav,2026,compression,COMPRESSION,0.11,0.11,0.0563216395676136,0.84375,0.06884313538981134,401.7758253503085,0.006153140243304083,0.9698270235032167,0.6139006380631779,0.0,0.49444264956649475
data\sample_audio\speech.wav,2026,unknown,UNKNOWN MODIFICATION,0.09,0.09,0.05676083639264107,0.8451216220855713,0.06884437070958002,293.20559220451105,0.001732243867687037,0.9838598364776865,0.21183133138417523,0.0016574065695484977,0.5001580013202013
data\sample_audio\temp.wav,2026,clean,PROTECTED DERIVATIVE,0.035,0.035,0.056087739765644073,1.0,0.06868312762285493,324.36594745541476,0.0019756421966795577,0.9765469375787487,0.2192223162249179,0.0004943253328260425,0.5011412751210738
data\sample_audio\temp.wav,2026,noise,GAUSSIAN NOISE,0.08,0.08,0.05608810856938362,1.0005592107772827,0.08976603238411258,324.51142123579353,0.0019848849415004966,0.9765359259709496,0.27555091655201824,0.0005289113446384328,0.4996538338443845
data\sample_audio\temp.wav,2026,crop,CROPPING,0.14,0.14,0.056087739765644073,1.0,0.06765406049135794,324.3737223672086,0.0019756868960988695,0.9765463899527106,0.21920943777372806,0.0003745790050358608,0.5011505863664912
data\sample_audio\temp.wav,2026,lowpass,LOWPASS FILTER,0.16,0.16,0.055878620594739914,1.0010638236999512,0.050619478647165865,280.0859663812243,9.954218873297482e-05,0.9826418506936486,0.0024080132249786218,0.0004962528682239097,0.49605038969325904
data\sample_audio\temp.wav,2026,resample,RESAMPLING,0.12,0.12,0.056084319949150085,1.0005277395248413,0.07139724585562669,322.9052364729741,0.0018741841319432015,0.9766462122692858,0.0041849551256718884,0.0004937066783737706,0.5002085015313993
data\sample_audio\temp.wav,2026,gain,AMPLITUDE SCALING,0.04,0.04,0.051716096699237823,0.9220570921897888,0.06868312762285493,324.3659474554147,0.0019756421966795573,0.9765469375787487,0.2192223162268135,0.0004943254570844097,0.5011412751208341
data\sample_audio\temp.wav,2026,compression,COMPRESSION,0.11,0.11,0.056135695427656174,0.78125,0.06868312762285493,404.3903842419646,0.006197916617267871,0.9696060249353851,0.6143040131119331,0.0,0.494126132239504
data\sample_audio\temp.wav,2026,unknown,UNKNOWN MODIFICATION,0.09,0.09,0.06052592024207115,0.8977069854736328,0.0686843629975626,293.5877476339373,0.0017344388457683673,0.9835612973892988,0.21280908962869052,0.0015531020626423774,0.5002497505307003
data\sample_audio\watermarked.wav,2026,clean,PROTECTED DERIVATIVE,0.035,0.035,0.05608667433261871,1.0,0.0689672638056212,324.28154598792327,0.00197564243392287,0.9765594113716752,0.21929352731112453,0.0004943440537814488,0.5010859847445132
data\sample_audio\watermarked.wav,2026,noise,GAUSSIAN NOISE,0.08,0.08,0.05608704686164856,1.0005592107772827,0.09127318952748152,324.4268639203564,0.001984885652213447,0.9765484194522182,0.27558447535973146,0.0005289313751749902,0.499606780820937
data\sample_audio\watermarked.wav,2026,crop,CROPPING,0.14,0.14,0.05608667805790901,1.0,0.06793819667412421,324.2893185356039,0.001975687139107515,0.9765588638545811,0.21928128729076488,0.0003745932179387103,0.5011047484233224
data\sample_audio\watermarked.wav,2026,lowpass,LOWPASS FILTER,0.16,0.16,0.055877625942230225,1.0013669729232788,0.04865276211254017,280.0133164517733,9.954287780774e-05,0.9826524335836486,0.002408466623071552,0.0004962704711498295,0.49598614324475343
data\sample_audio\watermarked.wav,2026,resample,RESAMPLING,0.12,0.12,0.056083258241415024,1.0005824565887451,0.07298593772970248,322.8208654631483,0.001874187353789187,0.9766586844098968,0.004185457949846192,0.0004937253398568115,0.5001508640235177
data\sample_audio\watermarked.wav,2026,gain,AMPLITUDE SCALING,0.04,0.04,0.051715120673179626,0.9220570921897888,0.0689672638056212,324.2815459879233,0.00197564243392287,0.976559411371675,0.21929352731301838,0.0004943442115557215,0.5010859847442731
data\sample_audio\watermarked.wav,2026,compression,COMPRESSION,0.11,0.11,0.05613572522997856,0.78125,0.0689672638056212,404.2106905244352,0.006190467088537359,0.9696324237371329,0.6138470886964289,0.0,0.4942810348775343
data\sample_audio\watermarked.wav,2026,unknown,UNKNOWN MODIFICATION,0.09,0.09,0.060525082051754,0.8977069854736328,0.06896849918032888,293.52159929977364,0.001734424818184308,0.9835710912319877,0.2128539970770971,0.0015531450818623775,0.500230344782302
input_audio\protected.wav,2026,clean,PROTECTED DERIVATIVE,0.035,0.035,0.05613655969500542,1.006135106086731,0.09257033297054496,329.4498275403848,0.001972779458605283,0.9757621031509145,0.21735119943926043,0.000493465947264051,0.4973521041949244
input_audio\protected.wav,2026,noise,GAUSSIAN NOISE,0.08,0.08,0.056136924773454666,1.0059279203414917,0.10075839653304441,329.5953241266538,0.001982008574518807,0.9757509975603416,0.27333265827983966,0.0005279917668316832,0.49613084401793955
input_audio\protected.wav,2026,crop,CROPPING,0.14,0.14,0.05613655969500542,1.006135106086731,0.09106194045246833,329.45770954457515,0.001972824022946934,0.9757615414231318,0.21733898451002515,0.0003739277459801078,0.49733790117587234
input_audio\protected.wav,2026,lowpass,LOWPASS FILTER,0.16,0.16,0.05592263489961624,1.0044476985931396,0.06551562687236478,284.3333830234354,9.941240561625048e-05,0.981989064698402,0.0023821142511112805,0.0004954720382203219,0.4924014246597769
input_audio\protected.wav,2026,resample,RESAMPLING,0.12,0.12,0.056133147329092026,1.004793405532837,0.08741758506481394,327.9917744602022,0.0018714699847619636,0.975861152495549,0.004145436593697374,0.0004928481362509468,0.49640011036051335
input_audio\protected.wav,2026,gain,AMPLITUDE SCALING,0.04,0.04,0.05176111310720444,0.9277139902114868,0.09257033297054496,329.4498275403848,0.001972779458605283,0.9757621031509144,0.2173511994411418,0.0004934659973410235,0.49735210419470094
input_audio\protected.wav,2026,compression,COMPRESSION,0.11,0.11,0.05617811158299446,0.78125,0.09257033297054496,414.1402118370309,0.006527027126444714,0.9684195375859637,0.6291872968766105,0.0,0.4933624171474158
input_audio\protected.wav,2026,unknown,UNKNOWN MODIFICATION,0.09,0.09,0.06056317314505577,0.8977069854736328,0.09257156834525264,297.14433346185007,0.0017326754500880616,0.983010698301776,0.2119352058589054,0.0015511920327021113,0.49709313551421824
input_audio\speech.wav,2026,clean,PROTECTED DERIVATIVE,0.035,0.035,0.05610116571187973,1.0,0.07862542327025922,325.78011888551896,0.0019748556414866322,0.9763333059091387,0.21867640529450333,0.0004940888093240553,0.5003106508034596
input_audio\speech.wav,2026,noise,GAUSSIAN NOISE,0.08,0.08,0.05610153079032898,1.0004066228866577,0.09541169479820771,325.92561436385404,0.001984094371820849,0.9763222496202237,0.274919182338692,0.0005286581995941083,0.4989350575155083
input_audio\speech.wav,2026,crop,CROPPING,0.14,0.14,0.05610116571187973,1.0,0.07759635613876223,325.78792518493793,0.0019749003309411286,0.976332753909971,0.21866406757901474,0.0003743997777296819,0.5003285771598487
input_audio\speech.wav,2026,lowpass,LOWPASS FILTER,0.16,0.16,0.055890727788209915,1.0011733770370483,0.05990208420066932,281.2702299746112,9.95069424436621e-05,0.9824644339567049,0.002399898444582768,0.0004960378821534917,0.49527677596773473
input_audio\speech.wav,2026,resample,RESAMPLING,0.12,0.12,0.05609774589538574,1.001283049583435,0.08147790347029109,324.3201582373605,0.0018734397459346144,0.9764325175512442,0.004173006929376157,0.0004934704007542954,0.4993833568255528
input_audio\speech.wav,2026,gain,AMPLITUDE SCALING,0.04,0.04,0.05172847583889961,0.9220570921897888,0.07862542327025922,325.780118885519,0.0019748556414866327,0.9763333059091388,0.21867640529639545,0.0004940889715001693,0.5003106508032261
input_audio\speech.wav,2026,compression,COMPRESSION,0.11,0.11,0.05615111067891121,0.78125,0.07862542327025922,407.26872405994294,0.006292881644291337,0.9692548584838179,0.6197311366871394,0.0,0.4937484869284187
input_audio\speech.wav,2026,unknown,UNKNOWN MODIFICATION,0.09,0.09,0.0605362243950367,0.8977069854736328,0.0786266586449669,294.57214259477695,0.0017339501936448974,0.9834125960434672,0.21262202522030996,0.0015525736392639237,0.4994889837842043
input_audio\tampered.wav,2026,clean,PROTECTED DERIVATIVE,0.035,0.035,0.05501210689544678,0.9861162900924683,0.09231584578076299,329.2871909039747,0.0019728822929420036,0.9757802590966743,0.21736978540442572,0.0004934967838089938,0.49747059906482277
input_audio\tampered.wav,2026,noise,GAUSSIAN NOISE,0.08,0.08,0.05501248314976692,0.985909104347229,0.10063485906227647,329.4386509972004,0.0019824899855844236,0.975768704007961,0.2744477107762199,0.0005294193991172087,0.4961963369878548
input_audio\tampered.wav,2026,crop,CROPPING,0.14,0.14,0.05501210689544678,0.9861162900924683,0.09080745326268637,329.2950693735131,0.0019729269066060596,0.9757796969860574,0.2173576722131033,0.00037395112064099993,0.49750935459687207
input_audio\tampered.wav,2026,lowpass,LOWPASS FILTER,0.16,0.16,0.05480266362428665,0.98558109998703,0.06524137368725995,284.2090923856682,9.941696089094152e-05,0.9820012571085434,0.002382295703500058,0.0004954992970326283,0.4925350696316333
input_audio\tampered.wav,2026,resample,RESAMPLING,0.12,0.12,0.05500876158475876,0.9857745170593262,0.08714580262912446,327.8290452231138,0.001871567542458704,0.9758793154535392,0.004145538405865345,0.0004928790080281932,0.49652072136089426
input_audio\tampered.wav,2026,gain,AMPLITUDE SCALING,0.04,0.04,0.05072430148720741,0.9092555046081543,0.09231584578076299,329.2871909039747,0.001972882292942003,0.9757802590966739,0.2173697854063457,0.0004934968445162874,0.49747059906459457
input_audio\tampered.wav,2026,compression,COMPRESSION,0.11,0.11,0.055108509957790375,0.78125,0.09231584578076299,416.03769878969905,0.006657411407448623,0.968271721097149,0.6315836451546748,0.0,0.49313289602964494
input_audio\tampered.wav,2026,unknown,UNKNOWN MODIFICATION,0.09,0.09,0.059350430965423584,0.8797528743743896,0.09231708115547067,297.0198063808576,0.0017327465895059235,0.9830282024784031,0.2119470215532596,0.001551269263637672,0.4971493391301147
